id,inverter_sn,wifi_sn,ac_power,yield_today,yield_total,feedin_power,feedin_energy,consume_energy,battery_power,battery_soc,pv1_power,pv2_power,inverter_status,upload_time,timestamp,is_synthetic
1,H4752AI4347154,SV8RYX9GZU,499.0,10.0,15568.8,192.0,4692.0,18788.42,0.0,98.0,244.0,289.0,102,"2025-02-05 15:23:57","2025-02-05 15:25:51.224726",0
2,H4752AI4347154,SV8RYX9GZU,1378.0,10.0,15568.8,0.0,4692.0,18788.42,-881.0,98.0,230.0,267.0,102,"2025-02-05 15:28:57","2025-02-05 15:30:26.258004",0
3,H4752AI4347154,SV8RYX9GZU,1378.0,10.0,15568.8,0.0,4692.0,18788.42,-881.0,98.0,230.0,267.0,102,"2025-02-05 15:28:57","2025-02-05 15:31:26.428734",0
4,H4752AI4347154,SV8RYX9GZU,616.0,16.3,15575.1,0.0,4692.1,18788.42,-616.0,46.0,0.0,0.0,102,"2025-02-05 23:24:02","2025-02-05 23:26:27.902622",0
5,H4752AI4347154,SV8RYX9GZU,637.0,8.2,15583.6,164.0,4692.8,18799.72,0.0,100.0,307.0,378.0,102,"2025-02-06 12:09:10","2025-02-06 12:11:36.415195",0
6,H4752AI4347154,SV8RYX9GZU,425.0,13.0,15588.4,0.0,4694.8,18799.72,-377.0,95.0,39.0,45.0,102,"2025-02-06 16:14:12","2025-02-06 16:17:41.976571",0
7,H4752AI4347154,SV8RYX9GZU,275.0,3.4,15599.3,-176.0,4696.8,18821.15,0.0,10.0,140.0,160.0,102,"2025-02-07 12:19:25","2025-02-07 12:20:37.684840",0
8,H4752AI4347154,SV8RYX9GZU,216.0,3.6,15599.5,-155.0,4696.8,18821.95,0.0,10.0,115.0,134.0,102,"2025-02-07 13:29:26","2025-02-07 13:31:03.039857",0
9,H4752AI4347154,SV8RYX9GZU,116.0,3.8,15599.7,-437.0,4696.8,18822.45,0.0,10.0,65.0,78.0,102,"2025-02-07 14:44:18","2025-02-07 14:46:48.609059",0
10,H4752AI4347154,SV8RYX9GZU,-98.0,3.8,15599.7,-578.0,4696.8,18823.25,122.0,10.0,15.0,41.0,102,"2025-02-07 15:44:27","2025-02-07 15:46:48.852263",0
11,H4752AI4347154,SV8RYX9GZU,-63.0,3.8,15599.7,-554.0,4696.8,18824.05,0.0,10.0,1.0,2.0,102,"2025-02-07 16:49:28","2025-02-07 16:53:35.952309",0
12,H4752AI4347154,SV8RYX9GZU,0.0,3.8,15599.7,-8307.0,4696.8,18824.85,0.0,10.0,0.0,0.0,109,"2025-02-07 18:19:20","2025-02-07 18:22:00.043901",0
13,H4752AI4347154,SV8RYX9GZU,0.0,3.8,15599.7,-722.0,4696.8,18824.99,0.0,10.0,0.0,0.0,109,"2025-02-07 19:19:29","2025-02-07 19:22:00.281880",0
14,H4752AI4347154,SV8RYX9GZU,0.0,14.7,15634.0,-589.0,4697.1,18913.12,0.0,10.0,0.0,0.0,109,"2025-02-09 20:10:00","2025-02-09 20:13:46.395130",0
15,H4752AI4347154,SV8RYX9GZU,0.0,14.7,15634.0,-5538.0,4697.1,18913.28,0.0,10.0,0.0,0.0,109,"2025-02-09 21:10:00","2025-02-09 21:13:46.637421",0
16,H4752AI4347154,SV8RYX9GZU,927.0,14.8,15634.1,0.0,4697.1,18918.85,-954.0,33.0,0.0,0.0,102,"2025-02-09 22:10:01","2025-02-09 22:13:47.106452",0
17,H4752AI4347154,SV8RYX9GZU,439.0,15.5,15634.8,0.0,4697.1,18918.85,-454.0,28.0,0.0,0.0,102,"2025-02-09 23:10:01","2025-02-09 23:13:47.484946",0
18,H4752AI4347154,SV8RYX9GZU,674.0,3.8,15638.8,0.0,4697.2,18939.35,-587.0,79.0,58.0,73.0,102,"2025-02-10 11:00:09","2025-02-10 11:03:30.942722",0
19,H4752AI4347154,SV8RYX9GZU,282.0,4.4,15639.4,0.0,4697.2,18939.35,-209.0,74.0,44.0,54.0,102,"2025-02-10 12:00:10","2025-02-10 12:03:31.640070",0
20,H4752AI4347154,SV8RYX9GZU,793.0,5.2,15640.2,0.0,4697.2,18939.35,-787.0,66.0,41.0,52.0,102,"2025-02-10 13:00:10","2025-02-10 13:03:38.027716",0
21,H4752AI4347154,SV8RYX9GZU,642.0,8.1,15643.1,0.0,4697.2,18939.35,-696.0,40.0,0.0,0.0,102,"2025-02-10 18:00:13","2025-02-10 18:03:35.195629",0
22,H4752AI4347154,SV8RYX9GZU,602.0,9.1,15644.1,0.0,4697.2,18939.35,-612.0,31.0,0.0,0.0,102,"2025-02-10 19:00:14","2025-02-10 19:03:35.396304",0
23,H4752AI4347154,SV8RYX9GZU,495.0,11.2,15661.0,0.0,4697.3,18971.87,-527.0,23.0,0.0,0.0,102,"2025-02-11 20:05:29","2025-02-11 20:08:58.552688",0
24,H4752AI4347154,SV8RYX9GZU,495.0,11.2,15661.0,0.0,4697.3,18971.87,-527.0,23.0,0.0,0.0,102,"2025-02-11 20:05:29","2025-02-11 20:08:58.688798",0
25,H4752AI4347154,SV8RYX9GZU,495.0,11.2,15661.0,0.0,4697.3,18971.87,-527.0,23.0,0.0,0.0,102,"2025-02-11 20:05:29","2025-02-11 20:08:58.824195",0
26,H4752AI4347154,SV8RYX9GZU,495.0,11.2,15661.0,0.0,4697.3,18971.87,-527.0,23.0,0.0,0.0,102,"2025-02-11 20:05:29","2025-02-11 20:08:58.960509",0
27,H4752AI4347154,SV8RYX9GZU,495.0,11.2,15661.0,0.0,4697.3,18971.87,-527.0,23.0,0.0,0.0,102,"2025-02-11 20:05:29","2025-02-11 20:08:59.096013",0
28,H4752AI4347154,SV8RYX9GZU,495.0,11.2,15661.0,0.0,4697.3,18971.87,-527.0,23.0,0.0,0.0,102,"2025-02-11 20:05:29","2025-02-11 20:08:59.223027",0
29,H4752AI4347154,SV8RYX9GZU,495.0,11.2,15661.0,0.0,4697.3,18971.87,-527.0,23.0,0.0,0.0,102,"2025-02-11 20:05:29","2025-02-11 20:08:59.366366",0
30,H4752AI4347154,SV8RYX9GZU,495.0,11.2,15661.0,0.0,4697.3,18971.87,-527.0,23.0,0.0,0.0,102,"2025-02-11 20:05:29","2025-02-11 20:08:59.522025",0
31,H4752AI4347154,SV8RYX9GZU,495.0,11.2,15661.0,0.0,4697.3,18971.87,-527.0,23.0,0.0,0.0,102,"2025-02-11 20:05:29","2025-02-11 20:08:59.669879",0
32,H4752AI4347154,SV8RYX9GZU,-6750.0,11.6,15661.4,-14486.0,4697.3,18972.37,6475.0,18.0,0.0,0.0,102,"2025-02-11 20:35:30","2025-02-11 20:37:05.213956",0
33,H4752AI4347154,SV8RYX9GZU,-6750.0,11.6,15661.4,-14486.0,4697.3,18972.37,6475.0,18.0,0.0,0.0,102,"2025-02-11 20:35:30","2025-02-11 20:37:05.338821",0
34,H4752AI4347154,SV8RYX9GZU,-6750.0,11.6,15661.4,-14486.0,4697.3,18972.37,6475.0,18.0,0.0,0.0,102,"2025-02-11 20:35:30","2025-02-11 20:37:05.467498",0
35,H4752AI4347154,SV8RYX9GZU,-6750.0,11.6,15661.4,-14486.0,4697.3,18972.37,6475.0,18.0,0.0,0.0,102,"2025-02-11 20:35:30","2025-02-11 20:37:05.591384",0
36,H4752AI4347154,SV8RYX9GZU,-6750.0,11.6,15661.4,-14486.0,4697.3,18972.37,6475.0,18.0,0.0,0.0,102,"2025-02-11 20:35:30","2025-02-11 20:37:05.715576",0
37,H4752AI4347154,SV8RYX9GZU,-6750.0,11.6,15661.4,-14486.0,4697.3,18972.37,6475.0,18.0,0.0,0.0,102,"2025-02-11 20:35:30","2025-02-11 20:37:05.836940",0
38,H4752AI4347154,SV8RYX9GZU,-6750.0,11.6,15661.4,-14486.0,4697.3,18972.37,6475.0,18.0,0.0,0.0,102,"2025-02-11 20:35:30","2025-02-11 20:37:05.999892",0
39,H4752AI4347154,SV8RYX9GZU,-6750.0,11.6,15661.4,-14486.0,4697.3,18972.37,6475.0,18.0,0.0,0.0,102,"2025-02-11 20:35:30","2025-02-11 20:37:06.126477",0
40,H4752AI4347154,SV8RYX9GZU,-6750.0,11.6,15661.4,-14486.0,4697.3,18972.37,6475.0,18.0,0.0,0.0,102,"2025-02-11 20:35:30","2025-02-11 20:37:06.251346",0
41,H4752AI4347154,SV8RYX9GZU,-6750.0,11.6,15661.4,-14486.0,4697.3,18972.37,6475.0,18.0,0.0,0.0,102,"2025-02-11 20:35:30","2025-02-11 20:37:06.384605",0
42,H4752AI4347154,SV8RYX9GZU,-7485.0,11.6,15661.4,-15009.0,4697.3,18973.57,7137.0,23.0,0.0,0.0,102,"2025-02-11 20:40:30","2025-02-11 20:41:25.220803",0
43,H4752AI4347154,SV8RYX9GZU,491.0,12.1,15661.9,0.0,4697.3,18979.27,-496.0,44.0,0.0,0.0,102,"2025-02-11 21:40:22","2025-02-11 21:41:25.821238",0
44,H4752AI4347154,SV8RYX9GZU,2310.0,6.8,15670.1,-44.0,4697.4,18998.97,-1881.0,87.0,242.0,275.0,102,"2025-02-12 12:30:40","2025-02-12 12:33:23.749588",0
45,H4752AI4347154,SV8RYX9GZU,671.0,9.2,15688.4,0.0,4697.5,19023.27,-698.0,51.0,0.0,0.0,102,"2025-02-13 17:50:58","2025-02-13 17:52:49.819688",0
46,H4752AI4347154,SV8RYX9GZU,1006.0,10.0,15689.2,0.0,4697.5,19023.37,-1023.0,45.0,0.0,0.0,102,"2025-02-13 18:50:58","2025-02-13 18:52:50.169276",0
47,H4752AI4347154,SV8RYX9GZU,748.0,13.0,15692.2,0.0,4697.5,19030.47,-787.0,42.0,0.0,0.0,102,"2025-02-13 22:36:01","2025-02-13 22:41:00.330300",0
48,H4752AI4347154,SV8RYX9GZU,3961.0,13.9,15706.9,3437.0,4698.8,19047.17,0.0,87.0,1851.0,2205.0,102,"2025-02-14 12:46:10","2025-02-14 12:48:14.165328",0
49,H4752AI4347154,SV8RYX9GZU,2344.0,18.7,15711.7,1908.0,4702.7,19047.17,-84.0,85.0,1055.0,1313.0,102,"2025-02-14 14:21:11","2025-02-14 14:22:45.374000",0
50,H4752AI4347154,SV8RYX9GZU,1511.0,20.6,15713.6,295.0,4704.0,19047.17,-42.0,85.0,719.0,827.0,102,"2025-02-14 15:21:11","2025-02-14 15:22:45.645173",0
51,H4752AI4347154,SV8RYX9GZU,875.0,21.6,15714.6,0.0,4704.2,19047.17,-712.0,82.0,112.0,126.0,102,"2025-02-14 16:21:12","2025-02-14 16:22:45.879185",0
52,H4752AI4347154,SV8RYX9GZU,2999.0,15.0,15775.3,2660.0,4717.4,19146.34,-42.0,95.0,1404.0,1669.0,102,"2025-02-17 12:06:54","2025-02-17 12:09:50.868511",0
53,H4752AI4347154,SV8RYX9GZU,3076.0,20.2,15780.5,2717.0,4721.2,19146.34,0.0,92.0,1426.0,1722.0,102,"2025-02-17 14:11:55","2025-02-17 14:14:38.389873",0
54,H4752AI4347154,SV8RYX9GZU,1633.0,22.9,15783.2,1322.0,4722.9,19146.34,0.0,91.0,787.0,893.0,102,"2025-02-17 15:26:56","2025-02-17 15:31:17.255112",0
55,H4752AI4347154,SV8RYX9GZU,923.0,25.2,15785.5,0.0,4723.2,19146.34,-993.0,76.0,0.0,0.0,102,"2025-02-17 18:51:58","2025-02-17 18:56:26.003936",0
56,H4752AI4347154,SV8RYX9GZU,536.0,26.4,15786.7,0.0,4723.2,19146.34,-576.0,64.0,0.0,0.0,102,"2025-02-17 20:06:59","2025-02-17 20:09:59.682764",0
57,H4752AI4347154,SV8RYX9GZU,873.0,23.2,15814.1,0.0,4738.6,19168.27,-871.0,76.0,0.0,0.0,102,"2025-02-18 18:32:03","2025-02-18 18:33:45.456268",0
58,H4752AI4347154,SV8RYX9GZU,558.0,24.2,15815.1,0.0,4738.6,19168.27,-536.0,67.0,0.0,0.0,102,"2025-02-18 19:32:13","2025-02-18 19:33:45.805123",0
59,H4752AI4347154,SV8RYX9GZU,929.0,10.7,15828.7,165.0,4743.3,19186.57,0.0,92.0,435.0,502.0,102,"2025-02-19 14:42:25","2025-02-19 14:46:03.878369",0
60,H4752AI4347154,SV8RYX9GZU,813.0,11.4,15829.4,0.0,4743.4,19186.57,-503.0,90.0,150.0,178.0,102,"2025-02-19 15:42:26","2025-02-19 15:46:04.160755",0
61,H4752AI4347154,SV8RYX9GZU,430.0,12.0,15830.0,0.0,4743.4,19186.57,-377.0,86.0,24.0,42.0,102,"2025-02-19 16:47:27","2025-02-19 16:49:58.106017",0
62,H4752AI4347154,SV8RYX9GZU,970.0,12.6,15830.6,0.0,4743.4,19186.57,-997.0,80.0,1.0,0.0,102,"2025-02-19 17:47:27","2025-02-19 17:49:58.435340",0
63,H4752AI4347154,SV8RYX9GZU,544.0,13.4,15831.4,0.0,4743.4,19186.57,-537.0,73.0,0.0,0.0,102,"2025-02-19 18:47:28","2025-02-19 18:50:00.388012",0
64,H4752AI4347154,SV8RYX9GZU,720.0,14.2,15832.2,0.0,4743.4,19186.57,-741.0,64.0,0.0,0.0,102,"2025-02-19 19:47:28","2025-02-19 19:50:00.762732",0
65,H4752AI4347154,SV8RYX9GZU,905.0,15.2,15833.2,0.0,4743.4,19186.57,-945.0,55.0,0.0,0.0,102,"2025-02-19 21:17:29","2025-02-19 21:19:07.577897",0
66,H4752AI4347154,SV8RYX9GZU,525.0,15.9,15833.9,0.0,4743.4,19186.57,-534.0,50.0,0.0,0.0,102,"2025-02-19 22:17:30","2025-02-19 22:19:07.754484",0
67,H4752AI4347154,SV8RYX9GZU,329.0,16.5,15834.5,0.0,4743.4,19186.57,-329.0,45.0,0.0,0.0,102,"2025-02-19 23:17:31","2025-02-19 23:20:18.907598",0
68,H4752AI4347154,SV8RYX9GZU,309.0,4.8,15840.4,0.0,4743.4,19209.0,-84.0,88.0,102.0,126.0,102,"2025-02-20 12:17:39","2025-02-20 12:21:08.227298",0
69,H4752AI4347154,SV8RYX9GZU,658.0,5.7,15841.3,0.0,4743.5,19209.0,-545.0,85.0,60.0,69.0,102,"2025-02-20 14:22:40","2025-02-20 14:23:52.606739",0
70,H4752AI4347154,SV8RYX9GZU,274.0,6.1,15841.7,0.0,4743.5,19209.0,-209.0,83.0,35.0,46.0,102,"2025-02-20 15:22:41","2025-02-20 15:23:53.519107",0
71,H4752AI4347154,SV8RYX9GZU,475.0,7.0,15842.6,0.0,4743.5,19209.0,-456.0,75.0,9.0,11.0,102,"2025-02-20 16:47:42","2025-02-20 16:49:42.577134",0
72,H4752AI4347154,SV8RYX9GZU,548.0,8.1,15843.7,0.0,4743.5,19209.0,-576.0,64.0,0.0,0.0,102,"2025-02-20 18:07:42","2025-02-20 18:10:02.073969",0
73,H4752AI4347154,SV8RYX9GZU,537.0,2.0,15850.0,0.0,4743.5,19222.7,-542.0,93.0,0.0,0.0,102,"2025-02-21 06:27:50","2025-02-22 12:48:13.655374",0
74,H4752AI4347154,SV8RYX9GZU,853.0,16.2,16340.2,0.0,4985.9,19612.8,-793.0,78.0,37.0,47.0,102,"2025-03-11 17:14:34","2025-03-11 17:15:03.345765",0
75,H4752AI4347154,SV8RYX9GZU,672.0,20.5,16344.5,0.0,4985.9,19612.8,-697.0,40.0,0.0,0.0,102,"2025-03-11 22:14:37","2025-03-11 22:18:51.690621",0
76,H4752AI4347154,SV8RYX9GZU,504.0,17.3,16362.6,0.0,4991.0,19629.0,-418.0,79.0,57.0,75.0,102,"2025-03-12 15:58:13","2025-03-12 16:01:28.539194",0
77,H4752AI4347154,SV8RYX9GZU,777.0,22.8,16368.1,0.0,4991.4,19629.0,-856.0,32.0,0.0,0.0,102,"2025-03-12 21:48:17","2025-03-12 21:50:07.719740",0
78,H4752AI4347154,SV8RYX9GZU,2681.0,7.1,16376.5,2179.0,4993.4,19646.4,0.0,77.0,1257.0,1467.0,102,"2025-03-13 12:13:26","2025-03-13 12:16:32.485102",0
79,H4752AI4347154,SV8RYX9GZU,722.0,12.5,16381.9,0.0,4997.3,19646.4,-378.0,76.0,167.0,203.0,102,"2025-03-13 14:48:28","2025-03-13 14:51:38.602633",0
80,H4752AI4347154,SV8RYX9GZU,342.0,13.7,16383.1,0.0,4997.9,19646.4,-41.0,75.0,139.0,160.0,102,"2025-03-13 15:48:28","2025-03-13 15:51:39.458363",0
81,H4752AI4347154,SV8RYX9GZU,870.0,17.1,16386.5,0.0,4998.2,19646.5,-903.0,50.0,0.0,0.0,102,"2025-03-13 19:38:31","2025-03-13 19:42:50.099859",0
82,H4752AI4347154,SV8RYX9GZU,590.0,15.2,16404.8,276.0,5006.4,19660.6,0.0,79.0,288.0,340.0,102,"2025-03-14 14:33:42","2025-03-14 14:35:22.444369",0
83,H4752AI4347154,SV8RYX9GZU,-4114.0,15.9,16405.5,-11572.0,5006.6,19664.1,4542.0,92.0,282.0,328.0,102,"2025-03-14 15:33:43","2025-03-14 15:37:43.709690",0
84,H4752AI4347154,SV8RYX9GZU,561.0,17.1,16406.7,0.0,5006.7,19667.9,0.0,95.0,263.0,309.0,102,"2025-03-14 16:33:44","2025-03-14 16:37:44.352519",0
85,H4752AI4347154,SV8RYX9GZU,897.0,17.9,16407.5,0.0,5006.7,19667.9,-837.0,90.0,34.0,40.0,102,"2025-03-14 17:33:44","2025-03-14 17:37:44.713655",0
86,H4752AI4347154,SV8RYX9GZU,1027.0,26.4,16471.9,604.0,5042.9,19729.23,0.0,84.0,480.0,553.0,102,"2025-03-16 13:54:12","2025-03-16 13:55:06.178990",0
87,H4752AI4347154,SV8RYX9GZU,1565.0,29.2,16474.7,0.0,5044.8,19729.23,-126.0,83.0,693.0,796.0,102,"2025-03-16 14:54:13","2025-03-16 14:55:06.506255",0
88,H4752AI4347154,SV8RYX9GZU,914.0,31.4,16476.9,44.0,5046.2,19729.23,0.0,82.0,414.0,534.0,102,"2025-03-16 15:54:13","2025-03-16 15:55:49.392432",0
89,H4752AI4347154,SV8RYX9GZU,919.0,32.6,16478.1,0.0,5046.3,19729.23,-711.0,79.0,113.0,136.0,102,"2025-03-16 16:54:14","2025-03-16 16:55:50.111381",0
90,H4752AI4347154,SV8RYX9GZU,593.0,33.7,16479.2,0.0,5046.3,19729.23,-620.0,69.0,8.0,9.0,102,"2025-03-16 17:54:14","2025-03-16 17:55:50.344222",0
91,H4752AI4347154,SV8RYX9GZU,1030.0,35.0,16480.5,0.0,5046.3,19729.23,-1069.0,57.0,0.0,0.0,102,"2025-03-16 18:54:15","2025-03-16 18:55:50.855258",0
92,H4752AI4347154,SV8RYX9GZU,549.0,37.4,16482.9,0.0,5046.4,19729.23,-573.0,37.0,0.0,0.0,102,"2025-03-16 21:29:17","2025-03-16 21:30:05.064299",0
93,H4752AI4347154,SV8RYX9GZU,871.0,5.3,16489.6,384.0,5047.5,19757.93,0.0,95.0,412.0,475.0,102,"2025-03-17 11:14:25","2025-03-17 11:18:56.594524",0
94,H4752AI4347154,SV8RYX9GZU,627.0,6.3,16490.6,275.0,5047.9,19757.93,0.0,95.0,303.0,353.0,102,"2025-03-17 12:29:26","2025-03-17 12:31:39.256084",0
95,H4752AI4347154,SV8RYX9GZU,737.0,40.8,16541.2,0.0,5076.9,19786.43,-777.0,37.0,0.0,0.0,102,"2025-03-18 22:44:47","2025-03-18 22:48:37.533262",0
96,H4752AI4347154,SV8RYX9GZU,5392.0,21.7,16564.0,0.0,5093.0,19814.57,-1337.0,85.0,1936.0,2244.0,102,"2025-03-19 12:49:56","2025-03-19 12:51:24.710214",0
97,H4752AI4347154,SV8RYX9GZU,1625.0,25.3,16567.6,880.0,5095.9,19814.57,-42.0,84.0,763.0,882.0,102,"2025-03-19 13:49:57","2025-03-19 13:51:25.117136",0
98,H4752AI4347154,SV8RYX9GZU,1881.0,27.4,16569.7,569.0,5097.3,19814.57,-42.0,84.0,879.0,1022.0,102,"2025-03-19 14:59:58","2025-03-19 15:02:05.283856",0
99,H4752AI4347154,SV8RYX9GZU,902.0,28.9,16571.2,463.0,5098.0,19814.57,0.0,83.0,418.0,500.0,102,"2025-03-19 16:14:58","2025-03-19 16:16:06.258769",0
100,H4752AI4347154,SV8RYX9GZU,521.0,29.6,16571.9,0.0,5098.0,19814.57,-293.0,81.0,96.0,113.0,102,"2025-03-19 17:14:59","2025-03-19 17:16:06.878493",0
101,H4752AI4347154,SV8RYX9GZU,7500.0,31.0,16573.3,6788.0,5098.2,19814.57,-7694.0,67.0,2.0,2.0,102,"2025-03-19 18:20:00","2025-03-19 19:55:58.197108",0
102,H4752AI4347154,SV8RYX9GZU,969.0,35.2,16577.5,0.0,5100.2,19827.37,-1002.0,91.0,0.0,0.0,102,"2025-03-19 22:25:02","2025-03-19 22:28:20.904772",0
103,H4752AI4347154,SV8RYX9GZU,309.0,0.2,16578.5,0.0,5100.3,19827.37,-292.0,82.0,0.0,0.0,102,"2025-03-20 00:20:03","2025-03-20 00:20:24.077150",0
104,H4752AI4347154,SV8RYX9GZU,634.0,0.6,16578.9,0.0,5100.3,19827.37,-624.0,77.0,0.0,0.0,102,"2025-03-20 01:25:04","2025-03-20 01:28:26.321996",0
105,H4752AI4347154,SV8RYX9GZU,257.0,1.2,16579.5,0.0,5100.3,19827.37,-248.0,72.0,0.0,0.0,102,"2025-03-20 02:45:05","2025-03-20 02:49:19.981187",0
106,H4752AI4347154,SV8RYX9GZU,4410.0,18.3,16596.6,4088.0,5113.8,19852.57,-42.0,94.0,2051.0,2442.0,102,"2025-03-20 11:55:11","2025-03-20 11:59:53.933468",0
107,H4752AI4347154,SV8RYX9GZU,4618.0,21.7,16600.0,4262.0,5116.8,19852.57,-42.0,94.0,2185.0,2530.0,102,"2025-03-20 12:55:11","2025-03-20 12:59:54.290186",0
108,H4752AI4347154,SV8RYX9GZU,788.0,30.5,16608.8,416.0,5124.0,19852.57,0.0,92.0,294.0,488.0,102,"2025-03-20 16:25:13","2025-03-20 16:27:53.887941",0
109,H4752AI4347154,SV8RYX9GZU,627.0,31.0,16609.3,0.0,5124.1,19852.57,-545.0,90.0,62.0,72.0,102,"2025-03-20 17:25:14","2025-03-20 17:27:54.408491",0
110,H4752AI4347154,SV8RYX9GZU,531.0,32.9,16611.2,0.0,5124.1,19852.67,-497.0,73.0,0.0,0.0,102,"2025-03-20 19:10:15","2025-03-20 19:14:17.485918",0
111,H4752AI4347154,SV8RYX9GZU,575.0,19.2,16633.7,0.0,5135.8,19892.07,-377.0,88.0,89.0,104.0,102,"2025-03-21 17:15:29","2025-03-21 17:20:09.630229",0
112,H4752AI4347154,SV8RYX9GZU,588.0,21.7,16636.2,0.0,5135.8,19892.07,-619.0,64.0,0.0,0.0,102,"2025-03-21 19:05:30","2025-03-21 19:08:03.577910",0
113,H4752AI4347154,SV8RYX9GZU,2765.0,10.3,16691.5,2427.0,5150.8,19973.48,0.0,79.0,1317.0,1518.0,102,"2025-03-24 14:41:12","2025-03-24 14:43:07.143052",0
114,H4752AI4347154,SV8RYX9GZU,1531.0,12.7,16693.9,880.0,5152.7,19973.48,0.0,78.0,724.0,854.0,102,"2025-03-24 15:46:13","2025-03-24 15:46:50.561231",0
115,H4752AI4347154,SV8RYX9GZU,1820.0,19.3,16721.1,1479.0,5164.5,20003.04,-42.0,79.0,851.0,988.0,102,"2025-03-25 14:26:27","2025-03-25 14:30:13.944316",0
116,H4752AI4347154,SV8RYX9GZU,399.0,20.5,16722.3,0.0,5165.0,20003.04,-126.0,78.0,129.0,156.0,102,"2025-03-25 15:41:28","2025-03-25 15:44:15.139446",0
117,H4752AI4347154,SV8RYX9GZU,1457.0,14.0,16745.1,1111.0,5173.3,20035.14,-42.0,89.0,687.0,809.0,102,"2025-03-26 12:36:41","2025-03-26 12:38:25.004735",0
118,H4752AI4347154,SV8RYX9GZU,765.0,25.6,16756.7,0.0,5182.5,20035.14,0.0,85.0,299.0,467.0,102,"2025-03-26 16:31:43","2025-03-26 16:35:27.721441",0
119,H4752AI4347154,SV8RYX9GZU,809.0,26.2,16757.3,0.0,5182.5,20035.14,-670.0,84.0,78.0,98.0,102,"2025-03-26 17:31:44","2025-03-26 17:35:28.084083",0
120,H4752AI4347154,SV8RYX9GZU,1102.0,27.8,16758.9,0.0,5182.6,20035.14,-1114.0,67.0,1.0,3.0,102,"2025-03-26 18:31:45","2025-03-26 18:35:28.379892",0
121,H4752AI4347154,SV8RYX9GZU,4799.0,22.4,16787.0,4435.0,5197.7,20060.67,-42.0,85.0,2248.0,2653.0,102,"2025-03-27 12:16:56","2025-03-27 12:19:04.994805",0
122,H4752AI4347154,SV8RYX9GZU,3916.0,28.6,16793.2,3233.0,5202.9,20060.67,-84.0,84.0,1856.0,2150.0,102,"2025-03-27 13:41:57","2025-03-27 13:43:14.993454",0
123,H4752AI4347154,SV8RYX9GZU,1445.0,35.3,16799.9,678.0,5208.3,20060.67,-42.0,82.0,641.0,815.0,102,"2025-03-27 16:01:58","2025-03-27 16:03:21.757597",0
124,H4752AI4347154,SV8RYX9GZU,661.0,36.3,16800.9,0.0,5208.7,20060.67,-294.0,80.0,171.0,218.0,102,"2025-03-27 17:01:59","2025-03-27 17:03:22.345920",0
125,H4752AI4347154,SV8RYX9GZU,782.0,37.0,16801.6,0.0,5208.7,20060.67,-752.0,76.0,35.0,36.0,102,"2025-03-27 18:01:59","2025-03-27 18:03:22.616827",0
126,H4752AI4347154,SV8RYX9GZU,891.0,39.7,16804.3,0.0,5208.7,20060.67,-905.0,50.0,0.0,0.0,102,"2025-03-27 21:17:01","2025-03-27 21:19:52.708510",0
127,H4752AI4347154,SV8RYX9GZU,3515.0,19.9,16825.7,3204.0,5221.9,20080.97,-84.0,87.0,1673.0,1916.0,102,"2025-03-28 15:02:13","2025-03-28 15:06:55.971601",0
128,H4752AI4347154,SV8RYX9GZU,4555.0,24.6,16901.7,3673.0,5264.4,20121.11,-84.0,76.0,2161.0,2487.0,102,"2025-03-30 14:02:41","2025-03-30 13:06:53.446162",0
129,H4752AI4347154,SV8RYX9GZU,486.0,38.1,16915.2,0.0,5271.9,20121.11,-494.0,49.0,0.0,0.0,102,"2025-03-30 21:37:46","2025-03-30 20:39:24.476618",0
130,H4752AI4347154,SV8RYX9GZU,4482.0,22.1,16938.8,3802.0,5287.9,20143.21,-84.0,84.0,2114.0,2479.0,102,"2025-03-31 13:07:56","2025-03-31 12:12:13.502747",0
131,H4752AI4347154,SV8RYX9GZU,4116.0,28.3,16945.0,3440.0,5293.5,20143.21,-84.0,83.0,1971.0,2257.0,102,"2025-03-31 14:32:56","2025-03-31 13:36:18.178981",0
132,H4752AI4347154,SV8RYX9GZU,1568.0,32.1,16948.8,1136.0,5296.7,20143.21,0.0,83.0,780.0,834.0,102,"2025-03-31 15:32:57","2025-03-31 14:36:18.523922",0
133,H4752AI4347154,SV8RYX9GZU,2264.0,35.1,16951.8,1469.0,5298.4,20143.21,-41.0,80.0,1074.0,1221.0,102,"2025-03-31 16:32:58","2025-03-31 15:36:18.844506",0
134,H4752AI4347154,SV8RYX9GZU,432.0,37.1,16953.8,0.0,5299.5,20143.21,-252.0,79.0,91.0,108.0,102,"2025-03-31 18:22:59","2025-03-31 17:24:48.399364",0
135,H4752AI4347154,SV8RYX9GZU,500.0,37.8,16954.5,0.0,5299.5,20143.21,-456.0,73.0,8.0,7.0,102,"2025-03-31 19:23:00","2025-03-31 18:24:48.815704",0
136,H4752AI4347154,SV8RYX9GZU,476.0,39.9,16998.2,0.0,5329.0,20175.01,-376.0,77.0,53.0,67.0,102,"2025-04-01 18:48:14","2025-04-01 17:51:49.969213",0
137,H4752AI4347154,SV8RYX9GZU,859.0,42.4,17000.7,0.0,5329.0,20175.01,-905.0,54.0,0.0,0.0,102,"2025-04-01 22:03:16","2025-04-01 21:03:42.869666",0
138,H4752AI4347154,SV8RYX9GZU,4591.0,21.7,17067.6,4255.0,5372.5,20208.07,-42.0,82.0,2159.0,2541.0,102,"2025-04-03 13:03:40","2025-04-03 12:08:37.713346",0
139,H4752AI4347154,SV8RYX9GZU,2912.0,29.9,17075.8,2174.0,5379.7,20208.07,-42.0,81.0,1391.0,1602.0,102,"2025-04-03 15:03:41","2025-04-03 14:06:38.473140",0
140,H4752AI4347154,SV8RYX9GZU,1083.0,34.1,17080.0,407.0,5382.4,20208.07,-42.0,80.0,513.0,590.0,102,"2025-04-03 17:08:43","2025-04-03 16:09:14.102252",0
141,H4752AI4347154,SV8RYX9GZU,1135.0,35.0,17081.0,0.0,5382.4,20208.07,-752.0,77.0,178.0,195.0,102,"2025-04-03 18:08:43","2025-04-03 17:09:14.456999",0
142,H4752AI4347154,SV8RYX9GZU,1096.0,39.4,17085.3,45.0,5382.5,20208.07,-1064.0,39.0,0.0,0.0,102,"2025-04-03 22:03:46","2025-04-03 21:05:21.464185",0
143,H4752AI4347154,SV8RYX9GZU,883.0,40.4,17086.3,0.0,5382.5,20208.17,-935.0,30.0,0.0,0.0,102,"2025-04-03 23:18:46","2025-04-03 22:23:45.431516",0
144,H4752AI4347154,SV8RYX9GZU,931.0,0.3,17087.1,0.0,5382.5,20208.17,-926.0,23.0,0.0,0.0,102,"2025-04-04 00:28:47","2025-04-03 23:32:46.293136",0
145,H4752AI4347154,SV8RYX9GZU,1729.0,16.4,17103.2,954.0,5390.1,20236.87,-83.0,73.0,804.0,939.0,102,"2025-04-04 12:48:55","2025-04-04 11:53:45.147789",0
146,H4752AI4347154,SV8RYX9GZU,3437.0,20.1,17106.9,3101.0,5392.8,20236.87,-83.0,72.0,1621.0,1867.0,102,"2025-04-04 14:03:56","2025-04-04 13:08:49.720518",0
147,H4752AI4347154,SV8RYX9GZU,3851.0,24.0,17110.8,3178.0,5395.8,20236.87,-125.0,71.0,1825.0,2098.0,102,"2025-04-04 15:03:56","2025-04-04 14:08:49.990327",0
148,H4752AI4347154,SV8RYX9GZU,2155.0,26.8,17113.6,1327.0,5398.0,20236.87,-41.0,70.0,1015.0,1158.0,102,"2025-04-04 16:03:57","2025-04-04 15:08:51.327176",0
149,H4752AI4347154,SV8RYX9GZU,1540.0,28.4,17115.2,954.0,5399.0,20236.87,-41.0,70.0,695.0,844.0,102,"2025-04-04 17:03:57","2025-04-04 16:08:51.614809",0
150,H4752AI4347154,SV8RYX9GZU,606.0,29.5,17116.3,101.0,5399.4,20236.87,0.0,69.0,280.0,340.0,102,"2025-04-04 18:03:58","2025-04-04 17:08:51.980642",0
151,H4752AI4347154,SV8RYX9GZU,1121.0,42.8,17163.7,0.0,5428.4,20264.87,-1149.0,42.0,0.0,0.0,102,"2025-04-05 22:04:16","2025-04-05 21:04:32.150096",0
152,H4752AI4347154,SV8RYX9GZU,647.0,43.6,17164.5,0.0,5428.4,20264.87,-654.0,36.0,0.0,0.0,102,"2025-04-05 23:04:16","2025-04-05 22:04:32.724005",0
153,H4752AI4347154,SV8RYX9GZU,4112.0,30.8,17240.0,3449.0,5481.5,20307.07,-126.0,80.0,1972.0,2255.0,102,"2025-04-07 14:49:41","2025-04-07 13:50:22.359554",0
154,H4752AI4347154,SV8RYX9GZU,4068.0,31.2,17240.4,3726.0,5481.8,20307.07,-126.0,80.0,1948.0,2227.0,102,"2025-04-07 14:54:41","2025-04-07 13:57:49.388841",0
155,H4752AI4347154,SV8RYX9GZU,2857.0,35.5,17244.7,2153.0,5485.5,20307.07,-42.0,79.0,1369.0,1558.0,102,"2025-04-07 16:09:42","2025-04-07 15:10:47.199627",0
156,H4752AI4347154,SV8RYX9GZU,1630.0,37.9,17247.1,0.0,5487.0,20307.07,-126.0,78.0,688.0,865.0,102,"2025-04-07 17:09:42","2025-04-07 16:10:47.930374",0
157,H4752AI4347154,SV8RYX9GZU,611.0,39.2,17248.4,0.0,5487.1,20307.07,-501.0,74.0,170.0,220.0,102,"2025-04-07 18:09:44","2025-04-07 17:10:48.148026",0
158,H4752AI4347154,SV8RYX9GZU,545.0,39.9,17249.1,0.0,5487.1,20307.07,-497.0,68.0,45.0,50.0,102,"2025-04-07 19:09:44","2025-04-07 18:10:48.426281",0
159,H4752AI4347154,SV8RYX9GZU,494.0,43.3,17252.5,0.0,5487.1,20307.17,-492.0,39.0,0.0,0.0,102,"2025-04-07 22:34:46","2025-04-07 21:37:39.070332",0
160,H4752AI4347154,SV8RYX9GZU,559.0,35.1,17288.5,144.0,5513.0,20323.37,0.0,72.0,267.0,318.0,102,"2025-04-08 18:14:59","2025-04-08 17:18:49.535740",0
161,H4752AI4347154,SV8RYX9GZU,899.0,37.3,17290.7,0.0,5513.0,20323.37,-947.0,53.0,0.0,0.0,102,"2025-04-08 20:40:00","2025-04-08 19:44:41.262119",0
162,H4752AI4347154,SV8RYX9GZU,2257.0,15.7,17309.0,1658.0,5521.5,20349.57,-41.0,74.0,1071.0,1239.0,102,"2025-04-09 14:00:10","2025-04-09 13:01:56.216934",0
163,H4752AI4347154,SV8RYX9GZU,4432.0,18.6,17311.9,4121.0,5523.8,20349.57,0.0,73.0,2117.0,2422.0,102,"2025-04-09 15:00:11","2025-04-09 14:01:57.060242",0
164,H4752AI4347154,SV8RYX9GZU,2972.0,22.0,17315.3,2640.0,5526.8,20349.57,0.0,73.0,1417.0,1623.0,102,"2025-04-09 16:00:12","2025-04-09 15:01:57.375277",0
165,H4752AI4347154,SV8RYX9GZU,1747.0,24.4,17317.7,944.0,5528.3,20349.57,0.0,72.0,822.0,977.0,102,"2025-04-09 17:00:12","2025-04-09 16:02:00.530536",0
166,H4752AI4347154,SV8RYX9GZU,932.0,25.6,17318.9,0.0,5528.7,20349.57,-457.0,71.0,238.0,318.0,102,"2025-04-09 18:00:13","2025-04-09 17:02:00.852405",0
167,H4752AI4347154,SV8RYX9GZU,4433.0,23.6,17347.4,4082.0,5545.8,20380.84,-210.0,83.0,2116.0,2418.0,102,"2025-04-10 14:10:25","2025-04-10 13:10:50.738705",0
168,H4752AI4347154,SV8RYX9GZU,3715.0,27.7,17351.5,3024.0,5549.4,20380.84,-84.0,82.0,1782.0,2031.0,102,"2025-04-10 15:10:26","2025-04-10 14:10:51.323633",0
169,H4752AI4347154,SV8RYX9GZU,1747.0,32.8,17356.6,1388.0,5553.2,20380.84,-42.0,81.0,796.0,953.0,102,"2025-04-10 17:00:27","2025-04-10 16:04:13.448835",0
170,H4752AI4347154,SV8RYX9GZU,2585.0,19.3,17495.6,1894.0,5634.8,20454.59,0.0,88.0,1214.0,1410.0,102,"2025-04-14 14:31:26","2025-04-14 13:32:20.565365",0
171,H4752AI4347154,SV8RYX9GZU,2485.0,20.9,17497.2,2082.0,5635.9,20454.59,0.0,88.0,1181.0,1373.0,102,"2025-04-14 15:31:26","2025-04-14 14:32:20.971775",0
172,H4752AI4347154,SV8RYX9GZU,2501.0,22.5,17498.8,0.0,5637.0,20454.59,-1547.0,88.0,475.0,546.0,102,"2025-04-14 16:31:27","2025-04-14 15:32:21.431218",0
173,H4752AI4347154,SV8RYX9GZU,896.0,23.6,17499.9,502.0,5637.2,20454.59,0.0,85.0,429.0,499.0,102,"2025-04-14 17:31:28","2025-04-14 16:32:22.080347",0
174,H4752AI4347154,SV8RYX9GZU,890.0,24.5,17500.8,0.0,5637.3,20454.59,-503.0,82.0,186.0,217.0,102,"2025-04-14 18:31:28","2025-04-14 17:32:22.737773",0
175,H4752AI4347154,SV8RYX9GZU,542.0,25.2,17501.5,0.0,5637.3,20454.59,-542.0,77.0,10.0,12.0,102,"2025-04-14 19:31:29","2025-04-14 18:32:23.428302",0
176,H4752AI4347154,SV8RYX9GZU,1635.0,26.1,17502.4,0.0,5637.3,20454.69,-1645.0,68.0,0.0,0.0,102,"2025-04-14 20:31:30","2025-04-14 19:32:23.884942",0
177,H4752AI4347154,SV8RYX9GZU,1057.0,27.2,17503.5,0.0,5637.3,20454.69,-1149.0,58.0,0.0,0.0,102,"2025-04-14 21:31:30","2025-04-14 20:32:24.218486",0
178,H4752AI4347154,SV8RYX9GZU,677.0,28.0,17504.3,0.0,5637.3,20454.69,-658.0,51.0,0.0,0.0,102,"2025-04-14 22:31:31","2025-04-14 21:32:24.791230",0
179,H4752AI4347154,SV8RYX9GZU,543.0,12.7,17518.3,0.0,5642.4,20484.99,-293.0,78.0,122.0,148.0,102,"2025-04-15 17:21:42","2025-04-15 16:24:40.620113",0
180,H4752AI4347154,SV8RYX9GZU,495.0,13.8,17519.4,0.0,5642.6,20484.99,-374.0,73.0,52.0,65.0,102,"2025-04-15 18:21:43","2025-04-15 17:24:41.118076",0
181,H4752AI4347154,SV8RYX9GZU,741.0,14.3,17519.9,0.0,5642.6,20484.99,-704.0,69.0,13.0,40.0,102,"2025-04-15 19:21:44","2025-04-15 18:24:41.544825",0
182,H4752AI4347154,SV8RYX9GZU,801.0,15.1,17520.7,0.0,5642.6,20484.99,-864.0,62.0,0.0,0.0,102,"2025-04-15 20:36:44","2025-04-15 19:39:43.253506",0
183,H4752AI4347154,SV8RYX9GZU,512.0,16.0,17521.6,0.0,5642.6,20484.99,-494.0,54.0,0.0,0.0,102,"2025-04-15 21:46:45","2025-04-15 20:50:23.643142",0
184,H4752AI4347154,SV8RYX9GZU,609.0,16.7,17522.3,0.0,5642.6,20484.99,-616.0,48.0,0.0,0.0,102,"2025-04-15 22:46:46","2025-04-15 21:50:24.169030",0
185,H4752AI4347154,SV8RYX9GZU,1909.0,33.0,17595.8,1377.0,5691.4,20541.99,-42.0,88.0,886.0,1041.0,102,"2025-04-17 17:02:12","2025-04-17 16:05:44.253540",0
186,H4752AI4347154,SV8RYX9GZU,1245.0,18.9,17686.0,629.0,5734.5,20582.15,-42.0,84.0,581.0,675.0,102,"2025-04-20 14:47:56","2025-04-20 13:49:50.533506",0
