id,ac_power,yield_today,upload_time
6073,1970.87,1576.7,"2024-12-05 15:00:00"
6074,1710.26,1368.21,"2024-12-05 16:00:00"
6075,1363.88,1091.1,"2024-12-05 17:00:00"
6076,949.12,759.3,"2024-12-05 18:00:00"
6077,486.76,389.41,"2024-12-05 19:00:00"
6078,0.0,0.0,"2024-12-05 20:00:00"
6079,0.0,0.0,"2024-12-05 21:00:00"
6080,0.0,0.0,"2024-12-05 22:00:00"
6081,0.0,0.0,"2024-12-05 23:00:00"
6082,0.0,0.0,"2024-12-06 00:00:00"
6083,0.0,0.0,"2024-12-06 01:00:00"
6084,0.0,0.0,"2024-12-06 02:00:00"
6085,0.0,0.0,"2024-12-06 03:00:00"
6086,0.0,0.0,"2024-12-06 04:00:00"
6087,0.0,0.0,"2024-12-06 05:00:00"
6088,0.0,0.0,"2024-12-06 06:00:00"
6089,1112.6,890.08,"2024-12-06 07:00:00"
6090,2169.42,1735.54,"2024-12-06 08:00:00"
6091,3117.45,2493.96,"2024-12-06 09:00:00"
6092,3909.16,3127.33,"2024-12-06 10:00:00"
6093,4504.84,3603.87,"2024-12-06 11:00:00"
6094,4874.64,3899.71,"2024-12-06 12:00:00"
6095,5000.0,4000.0,"2024-12-06 13:00:00"
6096,4874.64,3899.71,"2024-12-06 14:00:00"
6097,4504.84,3603.87,"2024-12-06 15:00:00"
6098,3909.16,3127.33,"2024-12-06 16:00:00"
6099,3117.45,2493.96,"2024-12-06 17:00:00"
6100,2169.42,1735.54,"2024-12-06 18:00:00"
6101,1112.6,890.08,"2024-12-06 19:00:00"
6102,0.0,0.0,"2024-12-06 20:00:00"
6103,0.0,0.0,"2024-12-06 21:00:00"
6104,0.0,0.0,"2024-12-06 22:00:00"
6105,0.0,0.0,"2024-12-06 23:00:00"
6106,0.0,0.0,"2024-12-07 00:00:00"
6107,0.0,0.0,"2024-12-07 01:00:00"
6108,0.0,0.0,"2024-12-07 02:00:00"
6109,0.0,0.0,"2024-12-07 03:00:00"
6110,0.0,0.0,"2024-12-07 04:00:00"
6111,0.0,0.0,"2024-12-07 05:00:00"
6112,0.0,0.0,"2024-12-07 06:00:00"
6113,486.76,389.41,"2024-12-07 07:00:00"
6114,949.12,759.3,"2024-12-07 08:00:00"
6115,1363.88,1091.1,"2024-12-07 09:00:00"
6116,1710.26,1368.21,"2024-12-07 10:00:00"
6117,1970.87,1576.7,"2024-12-07 11:00:00"
6118,2132.65,1706.12,"2024-12-07 12:00:00"
6119,2187.5,1750.0,"2024-12-07 13:00:00"
6120,2132.65,1706.12,"2024-12-07 14:00:00"
6121,1970.87,1576.7,"2024-12-07 15:00:00"
6122,1710.26,1368.21,"2024-12-07 16:00:00"
6123,1363.88,1091.1,"2024-12-07 17:00:00"
6124,949.12,759.3,"2024-12-07 18:00:00"
6125,486.76,389.41,"2024-12-07 19:00:00"
6126,0.0,0.0,"2024-12-07 20:00:00"
6127,0.0,0.0,"2024-12-07 21:00:00"
6128,0.0,0.0,"2024-12-07 22:00:00"
6129,0.0,0.0,"2024-12-07 23:00:00"
6130,0.0,0.0,"2024-12-08 00:00:00"
6131,0.0,0.0,"2024-12-08 01:00:00"
6132,0.0,0.0,"2024-12-08 02:00:00"
6133,0.0,0.0,"2024-12-08 03:00:00"
6134,0.0,0.0,"2024-12-08 04:00:00"
6135,0.0,0.0,"2024-12-08 05:00:00"
6136,0.0,0.0,"2024-12-08 06:00:00"
6137,486.76,389.41,"2024-12-08 07:00:00"
6138,949.12,759.3,"2024-12-08 08:00:00"
6139,1363.88,1091.1,"2024-12-08 09:00:00"
6140,1710.26,1368.21,"2024-12-08 10:00:00"
6141,1970.87,1576.7,"2024-12-08 11:00:00"
6142,2132.65,1706.12,"2024-12-08 12:00:00"
6143,2187.5,1750.0,"2024-12-08 13:00:00"
6144,2132.65,1706.12,"2024-12-08 14:00:00"
6145,1970.87,1576.7,"2024-12-08 15:00:00"
6146,1710.26,1368.21,"2024-12-08 16:00:00"
6147,1363.88,1091.1,"2024-12-08 17:00:00"
6148,949.12,759.3,"2024-12-08 18:00:00"
6149,486.76,389.41,"2024-12-08 19:00:00"
6150,0.0,0.0,"2024-12-08 20:00:00"
6151,0.0,0.0,"2024-12-08 21:00:00"
6152,0.0,0.0,"2024-12-08 22:00:00"
6153,0.0,0.0,"2024-12-08 23:00:00"
6154,0.0,0.0,"2024-12-09 00:00:00"
6155,0.0,0.0,"2024-12-09 01:00:00"
6156,0.0,0.0,"2024-12-09 02:00:00"
6157,0.0,0.0,"2024-12-09 03:00:00"
6158,0.0,0.0,"2024-12-09 04:00:00"
6159,0.0,0.0,"2024-12-09 05:00:00"
6160,0.0,0.0,"2024-12-09 06:00:00"
6161,778.82,623.06,"2024-12-09 07:00:00"
6162,1518.59,1214.87,"2024-12-09 08:00:00"
6163,2649.83,2119.86,"2024-12-09 09:00:00"
6164,3322.78,2658.22,"2024-12-09 10:00:00"
6165,1970.87,1576.7,"2024-12-09 11:00:00"
6166,3412.25,2729.8,"2024-12-09 12:00:00"
6167,2187.5,1750.0,"2024-12-09 13:00:00"
6168,2132.65,1706.12,"2024-12-09 14:00:00"
6169,1970.87,1576.7,"2024-12-09 15:00:00"
6170,1710.26,1368.21,"2024-12-09 16:00:00"
6171,1363.88,1091.1,"2024-12-09 17:00:00"
6172,949.12,759.3,"2024-12-09 18:00:00"
6173,486.76,389.41,"2024-12-09 19:00:00"
6174,0.0,0.0,"2024-12-09 20:00:00"
6175,0.0,0.0,"2024-12-09 21:00:00"
6176,0.0,0.0,"2024-12-09 22:00:00"
6177,0.0,0.0,"2024-12-09 23:00:00"
6178,0.0,0.0,"2024-12-10 00:00:00"
6179,0.0,0.0,"2024-12-10 01:00:00"
6180,0.0,0.0,"2024-12-10 02:00:00"
6181,0.0,0.0,"2024-12-10 03:00:00"
6182,0.0,0.0,"2024-12-10 04:00:00"
6183,0.0,0.0,"2024-12-10 05:00:00"
6184,0.0,0.0,"2024-12-10 06:00:00"
6185,486.76,389.41,"2024-12-10 07:00:00"
6186,542.35,433.88,"2024-12-10 08:00:00"
6187,779.36,623.49,"2024-12-10 09:00:00"
6188,977.29,781.83,"2024-12-10 10:00:00"
6189,1126.21,900.97,"2024-12-10 11:00:00"
6190,2132.65,1706.12,"2024-12-10 12:00:00"
6191,2187.5,1750.0,"2024-12-10 13:00:00"
6192,2132.65,1706.12,"2024-12-10 14:00:00"
6193,1970.87,1576.7,"2024-12-10 15:00:00"
6194,1710.26,1368.21,"2024-12-10 16:00:00"
6195,1363.88,1091.1,"2024-12-10 17:00:00"
6196,949.12,759.3,"2024-12-10 18:00:00"
6197,486.76,389.41,"2024-12-10 19:00:00"
6198,0.0,0.0,"2024-12-10 20:00:00"
6199,0.0,0.0,"2024-12-10 21:00:00"
6200,0.0,0.0,"2024-12-10 22:00:00"
6201,0.0,0.0,"2024-12-10 23:00:00"
6202,0.0,0.0,"2024-12-11 00:00:00"
6203,0.0,0.0,"2024-12-11 01:00:00"
6204,0.0,0.0,"2024-12-11 02:00:00"
6205,0.0,0.0,"2024-12-11 03:00:00"
6206,0.0,0.0,"2024-12-11 04:00:00"
6207,0.0,0.0,"2024-12-11 05:00:00"
6208,0.0,0.0,"2024-12-11 06:00:00"
6209,486.76,389.41,"2024-12-11 07:00:00"
6210,949.12,759.3,"2024-12-11 08:00:00"
6211,1363.88,1091.1,"2024-12-11 09:00:00"
6212,977.29,781.83,"2024-12-11 10:00:00"
6213,1970.87,1576.7,"2024-12-11 11:00:00"
6214,2132.65,1706.12,"2024-12-11 12:00:00"
6215,1250.0,1000.0,"2024-12-11 13:00:00"
6216,2132.65,1706.12,"2024-12-11 14:00:00"
6217,1970.87,1576.7,"2024-12-11 15:00:00"
6218,1710.26,1368.21,"2024-12-11 16:00:00"
6219,1363.88,1091.1,"2024-12-11 17:00:00"
6220,949.12,759.3,"2024-12-11 18:00:00"
6221,486.76,389.41,"2024-12-11 19:00:00"
6222,0.0,0.0,"2024-12-11 20:00:00"
6223,0.0,0.0,"2024-12-11 21:00:00"
6224,0.0,0.0,"2024-12-11 22:00:00"
6225,0.0,0.0,"2024-12-11 23:00:00"
6226,0.0,0.0,"2024-12-12 00:00:00"
6227,0.0,0.0,"2024-12-12 01:00:00"
6228,0.0,0.0,"2024-12-12 02:00:00"
6229,0.0,0.0,"2024-12-12 03:00:00"
6230,0.0,0.0,"2024-12-12 04:00:00"
6231,0.0,0.0,"2024-12-12 05:00:00"
6232,0.0,0.0,"2024-12-12 06:00:00"
6233,278.15,222.52,"2024-12-12 07:00:00"
6234,542.35,433.88,"2024-12-12 08:00:00"
6235,779.36,623.49,"2024-12-12 09:00:00"
6236,977.29,781.83,"2024-12-12 10:00:00"
6237,1126.21,900.97,"2024-12-12 11:00:00"
6238,2132.65,1706.12,"2024-12-12 12:00:00"
6239,1250.0,1000.0,"2024-12-12 13:00:00"
6240,1218.66,974.93,"2024-12-12 14:00:00"
6241,1970.87,1576.7,"2024-12-12 15:00:00"
6242,1710.26,1368.21,"2024-12-12 16:00:00"
6243,1363.88,1091.1,"2024-12-12 17:00:00"
6244,949.12,759.3,"2024-12-12 18:00:00"
6245,486.76,389.41,"2024-12-12 19:00:00"
6246,0.0,0.0,"2024-12-12 20:00:00"
6247,0.0,0.0,"2024-12-12 21:00:00"
6248,0.0,0.0,"2024-12-12 22:00:00"
6249,0.0,0.0,"2024-12-12 23:00:00"
6250,0.0,0.0,"2024-12-13 00:00:00"
6251,0.0,0.0,"2024-12-13 01:00:00"
6252,0.0,0.0,"2024-12-13 02:00:00"
6253,0.0,0.0,"2024-12-13 03:00:00"
6254,0.0,0.0,"2024-12-13 04:00:00"
6255,0.0,0.0,"2024-12-13 05:00:00"
6256,0.0,0.0,"2024-12-13 06:00:00"
6257,486.76,389.41,"2024-12-13 07:00:00"
6258,949.12,759.3,"2024-12-13 08:00:00"
6259,1363.88,1091.1,"2024-12-13 09:00:00"
6260,1710.26,1368.21,"2024-12-13 10:00:00"
6261,1970.87,1576.7,"2024-12-13 11:00:00"
6262,2132.65,1706.12,"2024-12-13 12:00:00"
6263,2187.5,1750.0,"2024-12-13 13:00:00"
6264,2132.65,1706.12,"2024-12-13 14:00:00"
6265,1970.87,1576.7,"2024-12-13 15:00:00"
6266,1710.26,1368.21,"2024-12-13 16:00:00"
6267,1363.88,1091.1,"2024-12-13 17:00:00"
6268,949.12,759.3,"2024-12-13 18:00:00"
6269,486.76,389.41,"2024-12-13 19:00:00"
6270,0.0,0.0,"2024-12-13 20:00:00"
6271,0.0,0.0,"2024-12-13 21:00:00"
6272,0.0,0.0,"2024-12-13 22:00:00"
6273,0.0,0.0,"2024-12-13 23:00:00"
6274,0.0,0.0,"2024-12-14 00:00:00"
6275,0.0,0.0,"2024-12-14 01:00:00"
6276,0.0,0.0,"2024-12-14 02:00:00"
6277,0.0,0.0,"2024-12-14 03:00:00"
6278,0.0,0.0,"2024-12-14 04:00:00"
6279,0.0,0.0,"2024-12-14 05:00:00"
6280,0.0,0.0,"2024-12-14 06:00:00"
6281,486.76,389.41,"2024-12-14 07:00:00"
6282,949.12,759.3,"2024-12-14 08:00:00"
6283,1363.88,1091.1,"2024-12-14 09:00:00"
6284,1710.26,1368.21,"2024-12-14 10:00:00"
6285,1970.87,1576.7,"2024-12-14 11:00:00"
6286,2132.65,1706.12,"2024-12-14 12:00:00"
6287,3500.0,2800.0,"2024-12-14 13:00:00"
6288,3412.25,2729.8,"2024-12-14 14:00:00"
6289,3153.39,2522.71,"2024-12-14 15:00:00"
6290,2736.41,2189.13,"2024-12-14 16:00:00"
6291,2182.21,1745.77,"2024-12-14 17:00:00"
6292,949.12,759.3,"2024-12-14 18:00:00"
6293,778.82,623.06,"2024-12-14 19:00:00"
6294,0.0,0.0,"2024-12-14 20:00:00"
6295,0.0,0.0,"2024-12-14 21:00:00"
6296,0.0,0.0,"2024-12-14 22:00:00"
6297,0.0,0.0,"2024-12-14 23:00:00"
6298,0.0,0.0,"2024-12-15 00:00:00"
6299,0.0,0.0,"2024-12-15 01:00:00"
6300,0.0,0.0,"2024-12-15 02:00:00"
6301,0.0,0.0,"2024-12-15 03:00:00"
6302,0.0,0.0,"2024-12-15 04:00:00"
6303,0.0,0.0,"2024-12-15 05:00:00"
6304,0.0,0.0,"2024-12-15 06:00:00"
6305,486.76,389.41,"2024-12-15 07:00:00"
6306,949.12,759.3,"2024-12-15 08:00:00"
6307,1363.88,1091.1,"2024-12-15 09:00:00"
6308,1710.26,1368.21,"2024-12-15 10:00:00"
6309,3153.39,2522.71,"2024-12-15 11:00:00"
6310,2132.65,1706.12,"2024-12-15 12:00:00"
6311,2187.5,1750.0,"2024-12-15 13:00:00"
6312,2132.65,1706.12,"2024-12-15 14:00:00"
6313,1970.87,1576.7,"2024-12-15 15:00:00"
6314,1710.26,1368.21,"2024-12-15 16:00:00"
6315,1363.88,1091.1,"2024-12-15 17:00:00"
6316,949.12,759.3,"2024-12-15 18:00:00"
6317,778.82,623.06,"2024-12-15 19:00:00"
6318,0.0,0.0,"2024-12-15 20:00:00"
6319,0.0,0.0,"2024-12-15 21:00:00"
6320,0.0,0.0,"2024-12-15 22:00:00"
6321,0.0,0.0,"2024-12-15 23:00:00"
6322,0.0,0.0,"2024-12-16 00:00:00"
6323,0.0,0.0,"2024-12-16 01:00:00"
6324,0.0,0.0,"2024-12-16 02:00:00"
6325,0.0,0.0,"2024-12-16 03:00:00"
6326,0.0,0.0,"2024-12-16 04:00:00"
6327,0.0,0.0,"2024-12-16 05:00:00"
6328,0.0,0.0,"2024-12-16 06:00:00"
6329,486.76,389.41,"2024-12-16 07:00:00"
6330,949.12,759.3,"2024-12-16 08:00:00"
6331,2182.21,1745.77,"2024-12-16 09:00:00"
6332,2736.41,2189.13,"2024-12-16 10:00:00"
6333,1970.87,1576.7,"2024-12-16 11:00:00"
6334,2132.65,1706.12,"2024-12-16 12:00:00"
6335,2187.5,1750.0,"2024-12-16 13:00:00"
6336,2132.65,1706.12,"2024-12-16 14:00:00"
6337,1970.87,1576.7,"2024-12-16 15:00:00"
6338,3322.78,2658.22,"2024-12-16 16:00:00"
6339,2182.21,1745.77,"2024-12-16 17:00:00"
6340,1844.01,1475.21,"2024-12-16 18:00:00"
6341,778.82,623.06,"2024-12-16 19:00:00"
6342,0.0,0.0,"2024-12-16 20:00:00"
6343,0.0,0.0,"2024-12-16 21:00:00"
6344,0.0,0.0,"2024-12-16 22:00:00"
6345,0.0,0.0,"2024-12-16 23:00:00"
6346,0.0,0.0,"2024-12-17 00:00:00"
6347,0.0,0.0,"2024-12-17 01:00:00"
6348,0.0,0.0,"2024-12-17 02:00:00"
6349,0.0,0.0,"2024-12-17 03:00:00"
6350,0.0,0.0,"2024-12-17 04:00:00"
6351,0.0,0.0,"2024-12-17 05:00:00"
6352,0.0,0.0,"2024-12-17 06:00:00"
6353,278.15,222.52,"2024-12-17 07:00:00"
6354,949.12,759.3,"2024-12-17 08:00:00"
6355,1363.88,1091.1,"2024-12-17 09:00:00"
6356,977.29,781.83,"2024-12-17 10:00:00"
6357,1970.87,1576.7,"2024-12-17 11:00:00"
6358,2132.65,1706.12,"2024-12-17 12:00:00"
6359,2187.5,1750.0,"2024-12-17 13:00:00"
6360,2132.65,1706.12,"2024-12-17 14:00:00"
6361,1970.87,1576.7,"2024-12-17 15:00:00"
6362,1710.26,1368.21,"2024-12-17 16:00:00"
6363,1363.88,1091.1,"2024-12-17 17:00:00"
6364,949.12,759.3,"2024-12-17 18:00:00"
6365,486.76,389.41,"2024-12-17 19:00:00"
6366,0.0,0.0,"2024-12-17 20:00:00"
6367,0.0,0.0,"2024-12-17 21:00:00"
6368,0.0,0.0,"2024-12-17 22:00:00"
6369,0.0,0.0,"2024-12-17 23:00:00"
6370,0.0,0.0,"2024-12-18 00:00:00"
6371,0.0,0.0,"2024-12-18 01:00:00"
6372,0.0,0.0,"2024-12-18 02:00:00"
6373,0.0,0.0,"2024-12-18 03:00:00"
6374,0.0,0.0,"2024-12-18 04:00:00"
6375,0.0,0.0,"2024-12-18 05:00:00"
6376,0.0,0.0,"2024-12-18 06:00:00"
6377,486.76,389.41,"2024-12-18 07:00:00"
6378,949.12,759.3,"2024-12-18 08:00:00"
6379,1363.88,1091.1,"2024-12-18 09:00:00"
6380,2736.41,2189.13,"2024-12-18 10:00:00"
6381,3153.39,2522.71,"2024-12-18 11:00:00"
6382,3412.25,2729.8,"2024-12-18 12:00:00"
6383,3500.0,2800.0,"2024-12-18 13:00:00"
6384,3412.25,2729.8,"2024-12-18 14:00:00"
6385,1970.87,1576.7,"2024-12-18 15:00:00"
6386,2736.41,2189.13,"2024-12-18 16:00:00"
6387,1363.88,1091.1,"2024-12-18 17:00:00"
6388,949.12,759.3,"2024-12-18 18:00:00"
6389,486.76,389.41,"2024-12-18 19:00:00"
6390,0.0,0.0,"2024-12-18 20:00:00"
6391,0.0,0.0,"2024-12-18 21:00:00"
6392,0.0,0.0,"2024-12-18 22:00:00"
6393,0.0,0.0,"2024-12-18 23:00:00"
6394,0.0,0.0,"2024-12-19 00:00:00"
6395,0.0,0.0,"2024-12-19 01:00:00"
6396,0.0,0.0,"2024-12-19 02:00:00"
6397,0.0,0.0,"2024-12-19 03:00:00"
6398,0.0,0.0,"2024-12-19 04:00:00"
6399,0.0,0.0,"2024-12-19 05:00:00"
6400,0.0,0.0,"2024-12-19 06:00:00"
6401,778.82,623.06,"2024-12-19 07:00:00"
6402,1844.01,1475.21,"2024-12-19 08:00:00"
6403,2182.21,1745.77,"2024-12-19 09:00:00"
6404,1710.26,1368.21,"2024-12-19 10:00:00"
6405,3829.12,3063.3,"2024-12-19 11:00:00"
6406,3412.25,2729.8,"2024-12-19 12:00:00"
6407,3500.0,2800.0,"2024-12-19 13:00:00"
6408,3412.25,2729.8,"2024-12-19 14:00:00"
6409,3153.39,2522.71,"2024-12-19 15:00:00"
6410,2736.41,2189.13,"2024-12-19 16:00:00"
6411,2182.21,1745.77,"2024-12-19 17:00:00"
6412,1844.01,1475.21,"2024-12-19 18:00:00"
6413,1112.6,890.08,"2024-12-19 19:00:00"
6414,0.0,0.0,"2024-12-19 20:00:00"
6415,0.0,0.0,"2024-12-19 21:00:00"
6416,0.0,0.0,"2024-12-19 22:00:00"
6417,0.0,0.0,"2024-12-19 23:00:00"
6418,0.0,0.0,"2024-12-20 00:00:00"
6419,0.0,0.0,"2024-12-20 01:00:00"
6420,0.0,0.0,"2024-12-20 02:00:00"
6421,0.0,0.0,"2024-12-20 03:00:00"
6422,0.0,0.0,"2024-12-20 04:00:00"
6423,0.0,0.0,"2024-12-20 05:00:00"
6424,0.0,0.0,"2024-12-20 06:00:00"
6425,1112.6,890.08,"2024-12-20 07:00:00"
6426,2169.42,1735.54,"2024-12-20 08:00:00"
6427,3117.45,2493.96,"2024-12-20 09:00:00"
6428,3909.16,3127.33,"2024-12-20 10:00:00"
6429,3829.12,3063.3,"2024-12-20 11:00:00"
6430,4143.44,3314.75,"2024-12-20 12:00:00"
6431,4250.0,3400.0,"2024-12-20 13:00:00"
6432,4143.44,3314.75,"2024-12-20 14:00:00"
6433,3829.12,3063.3,"2024-12-20 15:00:00"
6434,1710.26,1368.21,"2024-12-20 16:00:00"
6435,2182.21,1745.77,"2024-12-20 17:00:00"
6436,1518.59,1214.87,"2024-12-20 18:00:00"
6437,778.82,623.06,"2024-12-20 19:00:00"
6438,0.0,0.0,"2024-12-20 20:00:00"
6439,0.0,0.0,"2024-12-20 21:00:00"
6440,0.0,0.0,"2024-12-20 22:00:00"
6441,0.0,0.0,"2024-12-20 23:00:00"
6442,0.0,0.0,"2024-12-21 00:00:00"
6443,0.0,0.0,"2024-12-21 01:00:00"
6444,0.0,0.0,"2024-12-21 02:00:00"
6445,0.0,0.0,"2024-12-21 03:00:00"
6446,0.0,0.0,"2024-12-21 04:00:00"
6447,0.0,0.0,"2024-12-21 05:00:00"
6448,0.0,0.0,"2024-12-21 06:00:00"
6449,1112.6,890.08,"2024-12-21 07:00:00"
6450,949.12,759.3,"2024-12-21 08:00:00"
6451,1363.88,1091.1,"2024-12-21 09:00:00"
6452,1710.26,1368.21,"2024-12-21 10:00:00"
6453,1970.87,1576.7,"2024-12-21 11:00:00"
6454,2132.65,1706.12,"2024-12-21 12:00:00"
6455,2187.5,1750.0,"2024-12-21 13:00:00"
6456,2132.65,1706.12,"2024-12-21 14:00:00"
6457,1970.87,1576.7,"2024-12-21 15:00:00"
6458,1710.26,1368.21,"2024-12-21 16:00:00"
6459,2649.83,2119.86,"2024-12-21 17:00:00"
6460,2169.42,1735.54,"2024-12-21 18:00:00"
6461,1112.6,890.08,"2024-12-21 19:00:00"
6462,0.0,0.0,"2024-12-21 20:00:00"
6463,0.0,0.0,"2024-12-21 21:00:00"
6464,0.0,0.0,"2024-12-21 22:00:00"
6465,0.0,0.0,"2024-12-21 23:00:00"
6466,0.0,0.0,"2024-12-22 00:00:00"
6467,0.0,0.0,"2024-12-22 01:00:00"
6468,0.0,0.0,"2024-12-22 02:00:00"
6469,0.0,0.0,"2024-12-22 03:00:00"
6470,0.0,0.0,"2024-12-22 04:00:00"
6471,0.0,0.0,"2024-12-22 05:00:00"
6472,0.0,0.0,"2024-12-22 06:00:00"
6473,1112.6,890.08,"2024-12-22 07:00:00"
6474,2169.42,1735.54,"2024-12-22 08:00:00"
6475,2649.83,2119.86,"2024-12-22 09:00:00"
6476,3322.78,2658.22,"2024-12-22 10:00:00"
6477,3153.39,2522.71,"2024-12-22 11:00:00"
6478,2132.65,1706.12,"2024-12-22 12:00:00"
6479,3500.0,2800.0,"2024-12-22 13:00:00"
6480,3412.25,2729.8,"2024-12-22 14:00:00"
6481,1970.87,1576.7,"2024-12-22 15:00:00"
6482,1710.26,1368.21,"2024-12-22 16:00:00"
6483,1363.88,1091.1,"2024-12-22 17:00:00"
6484,1518.59,1214.87,"2024-12-22 18:00:00"
6485,486.76,389.41,"2024-12-22 19:00:00"
6486,0.0,0.0,"2024-12-22 20:00:00"
6487,0.0,0.0,"2024-12-22 21:00:00"
6488,0.0,0.0,"2024-12-22 22:00:00"
6489,0.0,0.0,"2024-12-22 23:00:00"
6490,0.0,0.0,"2024-12-23 00:00:00"
6491,0.0,0.0,"2024-12-23 01:00:00"
6492,0.0,0.0,"2024-12-23 02:00:00"
6493,0.0,0.0,"2024-12-23 03:00:00"
6494,0.0,0.0,"2024-12-23 04:00:00"
6495,0.0,0.0,"2024-12-23 05:00:00"
6496,0.0,0.0,"2024-12-23 06:00:00"
6497,1112.6,890.08,"2024-12-23 07:00:00"
6498,2169.42,1735.54,"2024-12-23 08:00:00"
6499,3117.45,2493.96,"2024-12-23 09:00:00"
6500,3909.16,3127.33,"2024-12-23 10:00:00"
6501,4504.84,3603.87,"2024-12-23 11:00:00"
6502,4143.44,3314.75,"2024-12-23 12:00:00"
6503,4250.0,3400.0,"2024-12-23 13:00:00"
6504,4143.44,3314.75,"2024-12-23 14:00:00"
6505,4504.84,3603.87,"2024-12-23 15:00:00"
6506,3909.16,3127.33,"2024-12-23 16:00:00"
6507,3117.45,2493.96,"2024-12-23 17:00:00"
6508,1844.01,1475.21,"2024-12-23 18:00:00"
6509,1112.6,890.08,"2024-12-23 19:00:00"
6510,0.0,0.0,"2024-12-23 20:00:00"
6511,0.0,0.0,"2024-12-23 21:00:00"
6512,0.0,0.0,"2024-12-23 22:00:00"
6513,0.0,0.0,"2024-12-23 23:00:00"
6514,0.0,0.0,"2024-12-24 00:00:00"
6515,0.0,0.0,"2024-12-24 01:00:00"
6516,0.0,0.0,"2024-12-24 02:00:00"
6517,0.0,0.0,"2024-12-24 03:00:00"
6518,0.0,0.0,"2024-12-24 04:00:00"
6519,0.0,0.0,"2024-12-24 05:00:00"
6520,0.0,0.0,"2024-12-24 06:00:00"
6521,945.71,756.57,"2024-12-24 07:00:00"
6522,1518.59,1214.87,"2024-12-24 08:00:00"
6523,1363.88,1091.1,"2024-12-24 09:00:00"
6524,977.29,781.83,"2024-12-24 10:00:00"
6525,1126.21,900.97,"2024-12-24 11:00:00"
6526,1218.66,974.93,"2024-12-24 12:00:00"
6527,1250.0,1000.0,"2024-12-24 13:00:00"
6528,2132.65,1706.12,"2024-12-24 14:00:00"
6529,1970.87,1576.7,"2024-12-24 15:00:00"
6530,1710.26,1368.21,"2024-12-24 16:00:00"
6531,1363.88,1091.1,"2024-12-24 17:00:00"
6532,949.12,759.3,"2024-12-24 18:00:00"
6533,486.76,389.41,"2024-12-24 19:00:00"
6534,0.0,0.0,"2024-12-24 20:00:00"
6535,0.0,0.0,"2024-12-24 21:00:00"
6536,0.0,0.0,"2024-12-24 22:00:00"
6537,0.0,0.0,"2024-12-24 23:00:00"
6538,0.0,0.0,"2024-12-25 00:00:00"
6539,0.0,0.0,"2024-12-25 01:00:00"
6540,0.0,0.0,"2024-12-25 02:00:00"
6541,0.0,0.0,"2024-12-25 03:00:00"
6542,0.0,0.0,"2024-12-25 04:00:00"
6543,0.0,0.0,"2024-12-25 05:00:00"
6544,0.0,0.0,"2024-12-25 06:00:00"
6545,486.76,389.41,"2024-12-25 07:00:00"
6546,949.12,759.3,"2024-12-25 08:00:00"
6547,1363.88,1091.1,"2024-12-25 09:00:00"
6548,1710.26,1368.21,"2024-12-25 10:00:00"
6549,1970.87,1576.7,"2024-12-25 11:00:00"
6550,2132.65,1706.12,"2024-12-25 12:00:00"
6551,2187.5,1750.0,"2024-12-25 13:00:00"
6552,2132.65,1706.12,"2024-12-25 14:00:00"
6553,1970.87,1576.7,"2024-12-25 15:00:00"
6554,1710.26,1368.21,"2024-12-25 16:00:00"
6555,1363.88,1091.1,"2024-12-25 17:00:00"
6556,949.12,759.3,"2024-12-25 18:00:00"
6557,486.76,389.41,"2024-12-25 19:00:00"
6558,0.0,0.0,"2024-12-25 20:00:00"
6559,0.0,0.0,"2024-12-25 21:00:00"
6560,0.0,0.0,"2024-12-25 22:00:00"
6561,0.0,0.0,"2024-12-25 23:00:00"
6562,0.0,0.0,"2024-12-26 00:00:00"
6563,0.0,0.0,"2024-12-26 01:00:00"
6564,0.0,0.0,"2024-12-26 02:00:00"
6565,0.0,0.0,"2024-12-26 03:00:00"
6566,0.0,0.0,"2024-12-26 04:00:00"
6567,0.0,0.0,"2024-12-26 05:00:00"
6568,0.0,0.0,"2024-12-26 06:00:00"
6569,486.76,389.41,"2024-12-26 07:00:00"
6570,949.12,759.3,"2024-12-26 08:00:00"
6571,1363.88,1091.1,"2024-12-26 09:00:00"
6572,977.29,781.83,"2024-12-26 10:00:00"
6573,1126.21,900.97,"2024-12-26 11:00:00"
6574,1218.66,974.93,"2024-12-26 12:00:00"
6575,1250.0,1000.0,"2024-12-26 13:00:00"
6576,1218.66,974.93,"2024-12-26 14:00:00"
6577,1126.21,900.97,"2024-12-26 15:00:00"
6578,977.29,781.83,"2024-12-26 16:00:00"
6579,779.36,623.49,"2024-12-26 17:00:00"
6580,542.35,433.88,"2024-12-26 18:00:00"
6581,486.76,389.41,"2024-12-26 19:00:00"
6582,0.0,0.0,"2024-12-26 20:00:00"
6583,0.0,0.0,"2024-12-26 21:00:00"
6584,0.0,0.0,"2024-12-26 22:00:00"
6585,0.0,0.0,"2024-12-26 23:00:00"
6586,0.0,0.0,"2024-12-27 00:00:00"
6587,0.0,0.0,"2024-12-27 01:00:00"
6588,0.0,0.0,"2024-12-27 02:00:00"
6589,0.0,0.0,"2024-12-27 03:00:00"
6590,0.0,0.0,"2024-12-27 04:00:00"
6591,0.0,0.0,"2024-12-27 05:00:00"
6592,0.0,0.0,"2024-12-27 06:00:00"
6593,278.15,222.52,"2024-12-27 07:00:00"
6594,542.35,433.88,"2024-12-27 08:00:00"
6595,779.36,623.49,"2024-12-27 09:00:00"
6596,977.29,781.83,"2024-12-27 10:00:00"
6597,1126.21,900.97,"2024-12-27 11:00:00"
6598,1218.66,974.93,"2024-12-27 12:00:00"
6599,1250.0,1000.0,"2024-12-27 13:00:00"
6600,1218.66,974.93,"2024-12-27 14:00:00"
6601,1126.21,900.97,"2024-12-27 15:00:00"
6602,977.29,781.83,"2024-12-27 16:00:00"
6603,779.36,623.49,"2024-12-27 17:00:00"
6604,542.35,433.88,"2024-12-27 18:00:00"
6605,278.15,222.52,"2024-12-27 19:00:00"
6606,0.0,0.0,"2024-12-27 20:00:00"
6607,0.0,0.0,"2024-12-27 21:00:00"
6608,0.0,0.0,"2024-12-27 22:00:00"
6609,0.0,0.0,"2024-12-27 23:00:00"
6610,0.0,0.0,"2024-12-28 00:00:00"
6611,0.0,0.0,"2024-12-28 01:00:00"
6612,0.0,0.0,"2024-12-28 02:00:00"
6613,0.0,0.0,"2024-12-28 03:00:00"
6614,0.0,0.0,"2024-12-28 04:00:00"
6615,0.0,0.0,"2024-12-28 05:00:00"
6616,0.0,0.0,"2024-12-28 06:00:00"
6617,486.76,389.41,"2024-12-28 07:00:00"
6618,542.35,433.88,"2024-12-28 08:00:00"
6619,779.36,623.49,"2024-12-28 09:00:00"
6620,3176.19,2540.95,"2024-12-28 10:00:00"
6621,3795.33,3036.26,"2024-12-28 11:00:00"
6622,1218.66,974.93,"2024-12-28 12:00:00"
6623,4812.5,3850.0,"2024-12-28 13:00:00"
6624,1218.66,974.93,"2024-12-28 14:00:00"
6625,1126.21,900.97,"2024-12-28 15:00:00"
6626,977.29,781.83,"2024-12-28 16:00:00"
6627,779.36,623.49,"2024-12-28 17:00:00"
6628,542.35,433.88,"2024-12-28 18:00:00"
6629,278.15,222.52,"2024-12-28 19:00:00"
6630,0.0,0.0,"2024-12-28 20:00:00"
6631,0.0,0.0,"2024-12-28 21:00:00"
6632,0.0,0.0,"2024-12-28 22:00:00"
6633,0.0,0.0,"2024-12-28 23:00:00"
6634,0.0,0.0,"2024-12-29 00:00:00"
6635,0.0,0.0,"2024-12-29 01:00:00"
6636,0.0,0.0,"2024-12-29 02:00:00"
6637,0.0,0.0,"2024-12-29 03:00:00"
6638,0.0,0.0,"2024-12-29 04:00:00"
6639,0.0,0.0,"2024-12-29 05:00:00"
6640,0.0,0.0,"2024-12-29 06:00:00"
6641,486.76,389.41,"2024-12-29 07:00:00"
6642,542.35,433.88,"2024-12-29 08:00:00"
6643,779.36,623.49,"2024-12-29 09:00:00"
6644,977.29,781.83,"2024-12-29 10:00:00"
6645,1126.21,900.97,"2024-12-29 11:00:00"
6646,1218.66,974.93,"2024-12-29 12:00:00"
6647,2187.5,1750.0,"2024-12-29 13:00:00"
6648,2132.65,1706.12,"2024-12-29 14:00:00"
6649,1126.21,900.97,"2024-12-29 15:00:00"
6650,977.29,781.83,"2024-12-29 16:00:00"
6651,1363.88,1091.1,"2024-12-29 17:00:00"
6652,949.12,759.3,"2024-12-29 18:00:00"
6653,486.76,389.41,"2024-12-29 19:00:00"
6654,0.0,0.0,"2024-12-29 20:00:00"
6655,0.0,0.0,"2024-12-29 21:00:00"
6656,0.0,0.0,"2024-12-29 22:00:00"
6657,0.0,0.0,"2024-12-29 23:00:00"
6658,0.0,0.0,"2024-12-30 00:00:00"
6659,0.0,0.0,"2024-12-30 01:00:00"
6660,0.0,0.0,"2024-12-30 02:00:00"
6661,0.0,0.0,"2024-12-30 03:00:00"
6662,0.0,0.0,"2024-12-30 04:00:00"
6663,0.0,0.0,"2024-12-30 05:00:00"
6664,0.0,0.0,"2024-12-30 06:00:00"
6665,486.76,389.41,"2024-12-30 07:00:00"
6666,542.35,433.88,"2024-12-30 08:00:00"
6667,1363.88,1091.1,"2024-12-30 09:00:00"
6668,1710.26,1368.21,"2024-12-30 10:00:00"
6669,3153.39,2522.71,"2024-12-30 11:00:00"
6670,3412.25,2729.8,"2024-12-30 12:00:00"
6671,3500.0,2800.0,"2024-12-30 13:00:00"
6672,3412.25,2729.8,"2024-12-30 14:00:00"
6673,3153.39,2522.71,"2024-12-30 15:00:00"
6674,1710.26,1368.21,"2024-12-30 16:00:00"
6675,1363.88,1091.1,"2024-12-30 17:00:00"
6676,949.12,759.3,"2024-12-30 18:00:00"
6677,486.76,389.41,"2024-12-30 19:00:00"
6678,0.0,0.0,"2024-12-30 20:00:00"
6679,0.0,0.0,"2024-12-30 21:00:00"
6680,0.0,0.0,"2024-12-30 22:00:00"
6681,0.0,0.0,"2024-12-30 23:00:00"
6682,0.0,0.0,"2024-12-31 00:00:00"
6683,0.0,0.0,"2024-12-31 01:00:00"
6684,0.0,0.0,"2024-12-31 02:00:00"
6685,0.0,0.0,"2024-12-31 03:00:00"
6686,0.0,0.0,"2024-12-31 04:00:00"
6687,0.0,0.0,"2024-12-31 05:00:00"
6688,0.0,0.0,"2024-12-31 06:00:00"
6689,486.76,389.41,"2024-12-31 07:00:00"
6690,949.12,759.3,"2024-12-31 08:00:00"
6691,1363.88,1091.1,"2024-12-31 09:00:00"
6692,1710.26,1368.21,"2024-12-31 10:00:00"
6693,1970.87,1576.7,"2024-12-31 11:00:00"
6694,2132.65,1706.12,"2024-12-31 12:00:00"
6695,2187.5,1750.0,"2024-12-31 13:00:00"
6696,2132.65,1706.12,"2024-12-31 14:00:00"
6697,1970.87,1576.7,"2024-12-31 15:00:00"
6698,2736.41,2189.13,"2024-12-31 16:00:00"
6699,2182.21,1745.77,"2024-12-31 17:00:00"
6700,949.12,759.3,"2024-12-31 18:00:00"
6701,778.82,623.06,"2024-12-31 19:00:00"
6702,0.0,0.0,"2024-12-31 20:00:00"
6703,0.0,0.0,"2024-12-31 21:00:00"
6704,0.0,0.0,"2024-12-31 22:00:00"
6705,0.0,0.0,"2024-12-31 23:00:00"
6706,0.0,0.0,"2025-01-01 00:00:00"
6707,0.0,0.0,"2025-01-01 01:00:00"
6708,0.0,0.0,"2025-01-01 02:00:00"
6709,0.0,0.0,"2025-01-01 03:00:00"
6710,0.0,0.0,"2025-01-01 04:00:00"
6711,0.0,0.0,"2025-01-01 05:00:00"
6712,0.0,0.0,"2025-01-01 06:00:00"
6713,486.76,389.41,"2025-01-01 07:00:00"
6714,949.12,759.3,"2025-01-01 08:00:00"
6715,1363.88,1091.1,"2025-01-01 09:00:00"
6716,1710.26,1368.21,"2025-01-01 10:00:00"
6717,1970.87,1576.7,"2025-01-01 11:00:00"
6718,2132.65,1706.12,"2025-01-01 12:00:00"
6719,1250.0,1000.0,"2025-01-01 13:00:00"
6720,2132.65,1706.12,"2025-01-01 14:00:00"
6721,1970.87,1576.7,"2025-01-01 15:00:00"
6722,1710.26,1368.21,"2025-01-01 16:00:00"
6723,1363.88,1091.1,"2025-01-01 17:00:00"
6724,949.12,759.3,"2025-01-01 18:00:00"
6725,945.71,756.57,"2025-01-01 19:00:00"
6726,0.0,0.0,"2025-01-01 20:00:00"
6727,0.0,0.0,"2025-01-01 21:00:00"
6728,0.0,0.0,"2025-01-01 22:00:00"
6729,0.0,0.0,"2025-01-01 23:00:00"
6730,0.0,0.0,"2025-01-02 00:00:00"
6731,0.0,0.0,"2025-01-02 01:00:00"
6732,0.0,0.0,"2025-01-02 02:00:00"
6733,0.0,0.0,"2025-01-02 03:00:00"
6734,0.0,0.0,"2025-01-02 04:00:00"
6735,0.0,0.0,"2025-01-02 05:00:00"
6736,0.0,0.0,"2025-01-02 06:00:00"
6737,1087.57,870.06,"2025-01-02 07:00:00"
6738,1518.59,1214.87,"2025-01-02 08:00:00"
6739,2649.83,2119.86,"2025-01-02 09:00:00"
6740,1710.26,1368.21,"2025-01-02 10:00:00"
6741,1970.87,1576.7,"2025-01-02 11:00:00"
6742,4143.44,3314.75,"2025-01-02 12:00:00"
6743,3500.0,2800.0,"2025-01-02 13:00:00"
6744,3412.25,2729.8,"2025-01-02 14:00:00"
6745,3829.12,3063.3,"2025-01-02 15:00:00"
6746,3322.78,2658.22,"2025-01-02 16:00:00"
6747,3117.45,2493.96,"2025-01-02 17:00:00"
6748,2169.42,1735.54,"2025-01-02 18:00:00"
6749,1112.6,890.08,"2025-01-02 19:00:00"
6750,0.0,0.0,"2025-01-02 20:00:00"
6751,0.0,0.0,"2025-01-02 21:00:00"
6752,0.0,0.0,"2025-01-02 22:00:00"
6753,0.0,0.0,"2025-01-02 23:00:00"
6754,0.0,0.0,"2025-01-03 00:00:00"
6755,0.0,0.0,"2025-01-03 01:00:00"
6756,0.0,0.0,"2025-01-03 02:00:00"
6757,0.0,0.0,"2025-01-03 03:00:00"
6758,0.0,0.0,"2025-01-03 04:00:00"
6759,0.0,0.0,"2025-01-03 05:00:00"
6760,0.0,0.0,"2025-01-03 06:00:00"
6761,1112.6,890.08,"2025-01-03 07:00:00"
6762,2169.42,1735.54,"2025-01-03 08:00:00"
6763,3117.45,2493.96,"2025-01-03 09:00:00"
6764,3909.16,3127.33,"2025-01-03 10:00:00"
6765,4504.84,3603.87,"2025-01-03 11:00:00"
6766,4874.64,3899.71,"2025-01-03 12:00:00"
6767,5000.0,4000.0,"2025-01-03 13:00:00"
6768,4874.64,3899.71,"2025-01-03 14:00:00"
6769,4504.84,3603.87,"2025-01-03 15:00:00"
6770,3909.16,3127.33,"2025-01-03 16:00:00"
6771,3117.45,2493.96,"2025-01-03 17:00:00"
6772,2169.42,1735.54,"2025-01-03 18:00:00"
6773,1112.6,890.08,"2025-01-03 19:00:00"
6774,0.0,0.0,"2025-01-03 20:00:00"
6775,0.0,0.0,"2025-01-03 21:00:00"
6776,0.0,0.0,"2025-01-03 22:00:00"
6777,0.0,0.0,"2025-01-03 23:00:00"
6778,0.0,0.0,"2025-01-04 00:00:00"
6779,0.0,0.0,"2025-01-04 01:00:00"
6780,0.0,0.0,"2025-01-04 02:00:00"
6781,0.0,0.0,"2025-01-04 03:00:00"
6782,0.0,0.0,"2025-01-04 04:00:00"
6783,0.0,0.0,"2025-01-04 05:00:00"
6784,0.0,0.0,"2025-01-04 06:00:00"
6785,945.71,756.57,"2025-01-04 07:00:00"
6786,1518.59,1214.87,"2025-01-04 08:00:00"
6787,779.36,623.49,"2025-01-04 09:00:00"
6788,3322.78,2658.22,"2025-01-04 10:00:00"
6789,1126.21,900.97,"2025-01-04 11:00:00"
6790,4143.44,3314.75,"2025-01-04 12:00:00"
6791,1250.0,1000.0,"2025-01-04 13:00:00"
6792,4874.64,3899.71,"2025-01-04 14:00:00"
6793,4504.84,3603.87,"2025-01-04 15:00:00"
6794,3909.16,3127.33,"2025-01-04 16:00:00"
6795,3117.45,2493.96,"2025-01-04 17:00:00"
6796,2169.42,1735.54,"2025-01-04 18:00:00"
6797,486.76,389.41,"2025-01-04 19:00:00"
6798,0.0,0.0,"2025-01-04 20:00:00"
6799,0.0,0.0,"2025-01-04 21:00:00"
6800,0.0,0.0,"2025-01-04 22:00:00"
6801,0.0,0.0,"2025-01-04 23:00:00"
6802,0.0,0.0,"2025-01-05 00:00:00"
6803,0.0,0.0,"2025-01-05 01:00:00"
6804,0.0,0.0,"2025-01-05 02:00:00"
6805,0.0,0.0,"2025-01-05 03:00:00"
6806,0.0,0.0,"2025-01-05 04:00:00"
6807,0.0,0.0,"2025-01-05 05:00:00"
6808,0.0,0.0,"2025-01-05 06:00:00"
6809,486.76,389.41,"2025-01-05 07:00:00"
6810,542.35,433.88,"2025-01-05 08:00:00"
6811,1363.88,1091.1,"2025-01-05 09:00:00"
6812,1710.26,1368.21,"2025-01-05 10:00:00"
6813,1970.87,1576.7,"2025-01-05 11:00:00"
6814,2132.65,1706.12,"2025-01-05 12:00:00"
6815,2187.5,1750.0,"2025-01-05 13:00:00"
6816,2132.65,1706.12,"2025-01-05 14:00:00"
6817,1970.87,1576.7,"2025-01-05 15:00:00"
6818,1710.26,1368.21,"2025-01-05 16:00:00"
6819,1363.88,1091.1,"2025-01-05 17:00:00"
6820,949.12,759.3,"2025-01-05 18:00:00"
6821,486.76,389.41,"2025-01-05 19:00:00"
6822,0.0,0.0,"2025-01-05 20:00:00"
6823,0.0,0.0,"2025-01-05 21:00:00"
6824,0.0,0.0,"2025-01-05 22:00:00"
6825,0.0,0.0,"2025-01-05 23:00:00"
6826,0.0,0.0,"2025-01-06 00:00:00"
6827,0.0,0.0,"2025-01-06 01:00:00"
6828,542.35,433.88,"2025-01-06 08:00:00"
6829,779.36,623.49,"2025-01-06 09:00:00"
6830,1710.26,1368.21,"2025-01-06 10:00:00"
6831,1970.87,1576.7,"2025-01-06 11:00:00"
6832,2132.65,1706.12,"2025-01-06 12:00:00"
6833,2187.5,1750.0,"2025-01-06 13:00:00"
6834,3412.25,2729.8,"2025-01-06 14:00:00"
6835,3153.39,2522.71,"2025-01-06 15:00:00"
6836,3322.78,2658.22,"2025-01-06 16:00:00"
6837,2649.83,2119.86,"2025-01-06 17:00:00"
6838,2169.42,1735.54,"2025-01-06 18:00:00"
6839,1112.6,890.08,"2025-01-06 19:00:00"
6840,0.0,0.0,"2025-01-06 20:00:00"
6841,0.0,0.0,"2025-01-06 21:00:00"
6842,0.0,0.0,"2025-01-06 22:00:00"
6843,0.0,0.0,"2025-01-06 23:00:00"
6844,0.0,0.0,"2025-01-07 00:00:00"
6845,0.0,0.0,"2025-01-07 01:00:00"
6846,0.0,0.0,"2025-01-07 02:00:00"
6847,0.0,0.0,"2025-01-07 03:00:00"
6848,0.0,0.0,"2025-01-07 04:00:00"
6849,0.0,0.0,"2025-01-07 05:00:00"
6850,0.0,0.0,"2025-01-07 06:00:00"
6851,1112.6,890.08,"2025-01-07 07:00:00"
6852,2169.42,1735.54,"2025-01-07 08:00:00"
6853,2182.21,1745.77,"2025-01-07 09:00:00"
6854,1710.26,1368.21,"2025-01-07 10:00:00"
6855,1970.87,1576.7,"2025-01-07 11:00:00"
6856,2132.65,1706.12,"2025-01-07 12:00:00"
6857,2187.5,1750.0,"2025-01-07 13:00:00"
6858,4143.44,3314.75,"2025-01-07 14:00:00"
6859,3829.12,3063.3,"2025-01-07 15:00:00"
6860,3322.78,2658.22,"2025-01-07 16:00:00"
6861,2649.83,2119.86,"2025-01-07 17:00:00"
6862,2169.42,1735.54,"2025-01-07 18:00:00"
6863,1112.6,890.08,"2025-01-07 19:00:00"
6864,0.0,0.0,"2025-01-07 20:00:00"
6865,0.0,0.0,"2025-01-07 21:00:00"
6866,0.0,0.0,"2025-01-07 22:00:00"
6867,0.0,0.0,"2025-01-07 23:00:00"
6868,0.0,0.0,"2025-01-08 00:00:00"
6869,0.0,0.0,"2025-01-08 01:00:00"
6870,0.0,0.0,"2025-01-08 02:00:00"
6871,0.0,0.0,"2025-01-08 03:00:00"
6872,0.0,0.0,"2025-01-08 04:00:00"
6873,0.0,0.0,"2025-01-08 05:00:00"
6874,0.0,0.0,"2025-01-08 06:00:00"
6875,1112.6,890.08,"2025-01-08 07:00:00"
6876,2169.42,1735.54,"2025-01-08 08:00:00"
6877,3117.45,2493.96,"2025-01-08 09:00:00"
6878,3909.16,3127.33,"2025-01-08 10:00:00"
6879,4504.84,3603.87,"2025-01-08 11:00:00"
6880,4874.64,3899.71,"2025-01-08 12:00:00"
6881,5000.0,4000.0,"2025-01-08 13:00:00"
6882,4874.64,3899.71,"2025-01-08 14:00:00"
6883,3829.12,3063.3,"2025-01-08 15:00:00"
6884,1710.26,1368.21,"2025-01-08 16:00:00"
6885,1363.88,1091.1,"2025-01-08 17:00:00"
6886,542.35,433.88,"2025-01-08 18:00:00"
6887,278.15,222.52,"2025-01-08 19:00:00"
6888,0.0,0.0,"2025-01-08 20:00:00"
6889,0.0,0.0,"2025-01-08 21:00:00"
6890,0.0,0.0,"2025-01-08 22:00:00"
6891,0.0,0.0,"2025-01-08 23:00:00"
6892,0.0,0.0,"2025-01-09 00:00:00"
6893,0.0,0.0,"2025-01-09 01:00:00"
6894,0.0,0.0,"2025-01-09 02:00:00"
6895,0.0,0.0,"2025-01-09 03:00:00"
6896,0.0,0.0,"2025-01-09 04:00:00"
6897,0.0,0.0,"2025-01-09 05:00:00"
6898,0.0,0.0,"2025-01-09 06:00:00"
6899,486.76,389.41,"2025-01-09 07:00:00"
6900,1844.01,1475.21,"2025-01-09 08:00:00"
6901,3117.45,2493.96,"2025-01-09 09:00:00"
6902,3909.16,3127.33,"2025-01-09 10:00:00"
6903,3153.39,2522.71,"2025-01-09 11:00:00"
6904,4143.44,3314.75,"2025-01-09 12:00:00"
6905,5000.0,4000.0,"2025-01-09 13:00:00"
6906,4874.64,3899.71,"2025-01-09 14:00:00"
6907,4504.84,3603.87,"2025-01-09 15:00:00"
6908,3909.16,3127.33,"2025-01-09 16:00:00"
6909,3117.45,2493.96,"2025-01-09 17:00:00"
6910,2169.42,1735.54,"2025-01-09 18:00:00"
6911,1112.6,890.08,"2025-01-09 19:00:00"
6912,0.0,0.0,"2025-01-09 20:00:00"
6913,0.0,0.0,"2025-01-09 21:00:00"
6914,0.0,0.0,"2025-01-09 22:00:00"
6915,0.0,0.0,"2025-01-09 23:00:00"
6916,0.0,0.0,"2025-01-10 00:00:00"
6917,0.0,0.0,"2025-01-10 01:00:00"
6918,0.0,0.0,"2025-01-10 02:00:00"
6919,0.0,0.0,"2025-01-10 03:00:00"
6920,0.0,0.0,"2025-01-10 04:00:00"
6921,0.0,0.0,"2025-01-10 05:00:00"
6922,0.0,0.0,"2025-01-10 06:00:00"
6923,1112.6,890.08,"2025-01-10 07:00:00"
6924,2169.42,1735.54,"2025-01-10 08:00:00"
6925,3117.45,2493.96,"2025-01-10 09:00:00"
6926,3909.16,3127.33,"2025-01-10 10:00:00"
6927,4504.84,3603.87,"2025-01-10 11:00:00"
6928,4874.64,3899.71,"2025-01-10 12:00:00"
6929,5000.0,4000.0,"2025-01-10 13:00:00"
6930,4874.64,3899.71,"2025-01-10 14:00:00"
6931,4504.84,3603.87,"2025-01-10 15:00:00"
6932,3909.16,3127.33,"2025-01-10 16:00:00"
6933,3117.45,2493.96,"2025-01-10 17:00:00"
6934,2169.42,1735.54,"2025-01-10 18:00:00"
6935,1112.6,890.08,"2025-01-10 19:00:00"
6936,0.0,0.0,"2025-01-10 20:00:00"
6937,0.0,0.0,"2025-01-10 21:00:00"
6938,0.0,0.0,"2025-01-10 22:00:00"
6939,0.0,0.0,"2025-01-10 23:00:00"
6940,0.0,0.0,"2025-01-11 00:00:00"
6941,0.0,0.0,"2025-01-11 01:00:00"
6942,0.0,0.0,"2025-01-11 02:00:00"
6943,0.0,0.0,"2025-01-11 03:00:00"
6944,0.0,0.0,"2025-01-11 04:00:00"
6945,0.0,0.0,"2025-01-11 05:00:00"
6946,0.0,0.0,"2025-01-11 06:00:00"
6947,1037.5,830.0,"2025-01-11 07:00:00"
6948,2071.79,1657.43,"2025-01-11 08:00:00"
6949,3023.93,2419.14,"2025-01-11 09:00:00"
6950,3821.2,3056.96,"2025-01-11 10:00:00"
6951,4403.49,3522.79,"2025-01-11 11:00:00"
6952,4801.52,3841.22,"2025-01-11 12:00:00"
6953,4850.0,3880.0,"2025-01-11 13:00:00"
6954,4728.4,3782.72,"2025-01-11 14:00:00"
6955,4504.84,3603.87,"2025-01-11 15:00:00"
6956,3821.2,3056.96,"2025-01-11 16:00:00"
6957,3117.45,2493.96,"2025-01-11 17:00:00"
6958,2120.61,1696.49,"2025-01-11 18:00:00"
6959,1112.6,890.08,"2025-01-11 19:00:00"
6960,0.0,0.0,"2025-01-11 20:00:00"
6961,0.0,0.0,"2025-01-11 21:00:00"
6962,0.0,0.0,"2025-01-11 22:00:00"
6963,0.0,0.0,"2025-01-11 23:00:00"
6964,0.0,0.0,"2025-01-12 00:00:00"
6965,0.0,0.0,"2025-01-12 01:00:00"
6966,0.0,0.0,"2025-01-12 02:00:00"
6967,0.0,0.0,"2025-01-12 03:00:00"
6968,0.0,0.0,"2025-01-12 04:00:00"
6969,0.0,0.0,"2025-01-12 05:00:00"
6970,0.0,0.0,"2025-01-12 06:00:00"
6971,1112.6,890.08,"2025-01-12 07:00:00"
6972,2169.42,1735.54,"2025-01-12 08:00:00"
6973,2836.88,2269.5,"2025-01-12 09:00:00"
6974,3205.51,2564.41,"2025-01-12 10:00:00"
6975,3829.12,3063.3,"2025-01-12 11:00:00"
6976,3412.25,2729.8,"2025-01-12 12:00:00"
6977,3500.0,2800.0,"2025-01-12 13:00:00"
6978,2132.65,1706.12,"2025-01-12 14:00:00"
6979,1970.87,1576.7,"2025-01-12 15:00:00"
6980,1710.26,1368.21,"2025-01-12 16:00:00"
6981,1363.88,1091.1,"2025-01-12 17:00:00"
6982,949.12,759.3,"2025-01-12 18:00:00"
6983,486.76,389.41,"2025-01-12 19:00:00"
6984,0.0,0.0,"2025-01-12 20:00:00"
6985,0.0,0.0,"2025-01-12 21:00:00"
6986,0.0,0.0,"2025-01-12 22:00:00"
6987,0.0,0.0,"2025-01-12 23:00:00"
6988,0.0,0.0,"2025-01-13 00:00:00"
6989,0.0,0.0,"2025-01-13 01:00:00"
6990,0.0,0.0,"2025-01-13 02:00:00"
6991,0.0,0.0,"2025-01-13 03:00:00"
6992,0.0,0.0,"2025-01-13 04:00:00"
6993,0.0,0.0,"2025-01-13 05:00:00"
6994,0.0,0.0,"2025-01-13 06:00:00"
6995,486.76,389.41,"2025-01-13 07:00:00"
6996,949.12,759.3,"2025-01-13 08:00:00"
6997,1363.88,1091.1,"2025-01-13 09:00:00"
6998,2736.41,2189.13,"2025-01-13 10:00:00"
6999,3153.39,2522.71,"2025-01-13 11:00:00"
7000,3412.25,2729.8,"2025-01-13 12:00:00"
7001,2187.5,1750.0,"2025-01-13 13:00:00"
7002,4874.64,3899.71,"2025-01-13 14:00:00"
7003,4504.84,3603.87,"2025-01-13 15:00:00"
7004,3322.78,2658.22,"2025-01-13 16:00:00"
7005,2649.83,2119.86,"2025-01-13 17:00:00"
7006,2169.42,1735.54,"2025-01-13 18:00:00"
7007,1112.6,890.08,"2025-01-13 19:00:00"
7008,0.0,0.0,"2025-01-13 20:00:00"
7009,0.0,0.0,"2025-01-13 21:00:00"
7010,0.0,0.0,"2025-01-13 22:00:00"
7011,0.0,0.0,"2025-01-13 23:00:00"
7012,0.0,0.0,"2025-01-14 00:00:00"
7013,0.0,0.0,"2025-01-14 01:00:00"
7014,0.0,0.0,"2025-01-14 02:00:00"
7015,0.0,0.0,"2025-01-14 03:00:00"
7016,0.0,0.0,"2025-01-14 04:00:00"
7017,0.0,0.0,"2025-01-14 05:00:00"
7018,0.0,0.0,"2025-01-14 06:00:00"
7019,1112.6,890.08,"2025-01-14 07:00:00"
7020,2169.42,1735.54,"2025-01-14 08:00:00"
7021,2649.83,2119.86,"2025-01-14 09:00:00"
7022,3322.78,2658.22,"2025-01-14 10:00:00"
7023,3829.12,3063.3,"2025-01-14 11:00:00"
7024,4143.44,3314.75,"2025-01-14 12:00:00"
7025,4250.0,3400.0,"2025-01-14 13:00:00"
7026,4143.44,3314.75,"2025-01-14 14:00:00"
7027,3153.39,2522.71,"2025-01-14 15:00:00"
7028,2736.41,2189.13,"2025-01-14 16:00:00"
7029,1363.88,1091.1,"2025-01-14 17:00:00"
7030,949.12,759.3,"2025-01-14 18:00:00"
7031,486.76,389.41,"2025-01-14 19:00:00"
7032,0.0,0.0,"2025-01-14 20:00:00"
7033,0.0,0.0,"2025-01-14 21:00:00"
7034,0.0,0.0,"2025-01-14 22:00:00"
7035,0.0,0.0,"2025-01-14 23:00:00"
7036,0.0,0.0,"2025-01-15 00:00:00"
7037,0.0,0.0,"2025-01-15 01:00:00"
7038,0.0,0.0,"2025-01-15 02:00:00"
7039,0.0,0.0,"2025-01-15 03:00:00"
7040,0.0,0.0,"2025-01-15 04:00:00"
7041,0.0,0.0,"2025-01-15 05:00:00"
7042,0.0,0.0,"2025-01-15 06:00:00"
7043,278.15,222.52,"2025-01-15 07:00:00"
7044,542.35,433.88,"2025-01-15 08:00:00"
7045,779.36,623.49,"2025-01-15 09:00:00"
7046,977.29,781.83,"2025-01-15 10:00:00"
7047,1126.21,900.97,"2025-01-15 11:00:00"
7048,1218.66,974.93,"2025-01-15 12:00:00"
7049,1250.0,1000.0,"2025-01-15 13:00:00"
7050,1218.66,974.93,"2025-01-15 14:00:00"
7051,1126.21,900.97,"2025-01-15 15:00:00"
7052,977.29,781.83,"2025-01-15 16:00:00"
7053,779.36,623.49,"2025-01-15 17:00:00"
7054,542.35,433.88,"2025-01-15 18:00:00"
7055,278.15,222.52,"2025-01-15 19:00:00"
7056,0.0,0.0,"2025-01-15 20:00:00"
7057,0.0,0.0,"2025-01-15 21:00:00"
7058,0.0,0.0,"2025-01-15 22:00:00"
7059,0.0,0.0,"2025-01-15 23:00:00"
7060,0.0,0.0,"2025-01-16 00:00:00"
7061,0.0,0.0,"2025-01-16 01:00:00"
7062,0.0,0.0,"2025-01-16 02:00:00"
7063,0.0,0.0,"2025-01-16 03:00:00"
7064,0.0,0.0,"2025-01-16 04:00:00"
7065,0.0,0.0,"2025-01-16 05:00:00"
7066,0.0,0.0,"2025-01-16 06:00:00"
7067,278.15,222.52,"2025-01-16 07:00:00"
7068,949.12,759.3,"2025-01-16 08:00:00"
7069,1363.88,1091.1,"2025-01-16 09:00:00"
7070,1710.26,1368.21,"2025-01-16 10:00:00"
7071,1970.87,1576.7,"2025-01-16 11:00:00"
7072,2132.65,1706.12,"2025-01-16 12:00:00"
7073,2187.5,1750.0,"2025-01-16 13:00:00"
7074,2132.65,1706.12,"2025-01-16 14:00:00"
7075,1970.87,1576.7,"2025-01-16 15:00:00"
7076,1710.26,1368.21,"2025-01-16 16:00:00"
7077,1363.88,1091.1,"2025-01-16 17:00:00"
7078,949.12,759.3,"2025-01-16 18:00:00"
7079,486.76,389.41,"2025-01-16 19:00:00"
7080,0.0,0.0,"2025-01-16 20:00:00"
7081,0.0,0.0,"2025-01-16 21:00:00"
7082,0.0,0.0,"2025-01-16 22:00:00"
7083,0.0,0.0,"2025-01-16 23:00:00"
7084,0.0,0.0,"2025-01-17 00:00:00"
7085,0.0,0.0,"2025-01-17 01:00:00"
7086,0.0,0.0,"2025-01-17 02:00:00"
7087,0.0,0.0,"2025-01-17 03:00:00"
7088,0.0,0.0,"2025-01-17 04:00:00"
7089,0.0,0.0,"2025-01-17 05:00:00"
7090,0.0,0.0,"2025-01-17 06:00:00"
7091,486.76,389.41,"2025-01-17 07:00:00"
7092,949.12,759.3,"2025-01-17 08:00:00"
7093,1363.88,1091.1,"2025-01-17 09:00:00"
7094,1710.26,1368.21,"2025-01-17 10:00:00"
7095,1970.87,1576.7,"2025-01-17 11:00:00"
7096,2132.65,1706.12,"2025-01-17 12:00:00"
7097,2187.5,1750.0,"2025-01-17 13:00:00"
7098,2132.65,1706.12,"2025-01-17 14:00:00"
7099,1970.87,1576.7,"2025-01-17 15:00:00"
7100,1710.26,1368.21,"2025-01-17 16:00:00"
7101,1363.88,1091.1,"2025-01-17 17:00:00"
7102,949.12,759.3,"2025-01-17 18:00:00"
7103,486.76,389.41,"2025-01-17 19:00:00"
7104,0.0,0.0,"2025-01-17 20:00:00"
7105,0.0,0.0,"2025-01-17 21:00:00"
7106,0.0,0.0,"2025-01-17 22:00:00"
7107,0.0,0.0,"2025-01-17 23:00:00"
7108,0.0,0.0,"2025-01-18 00:00:00"
7109,0.0,0.0,"2025-01-18 01:00:00"
7110,0.0,0.0,"2025-01-18 02:00:00"
7111,0.0,0.0,"2025-01-18 03:00:00"
7112,0.0,0.0,"2025-01-18 04:00:00"
7113,0.0,0.0,"2025-01-18 05:00:00"
7114,0.0,0.0,"2025-01-18 06:00:00"
7115,486.76,389.41,"2025-01-18 07:00:00"
7116,949.12,759.3,"2025-01-18 08:00:00"
7117,1363.88,1091.1,"2025-01-18 09:00:00"
7118,1710.26,1368.21,"2025-01-18 10:00:00"
7119,1970.87,1576.7,"2025-01-18 11:00:00"
7120,2132.65,1706.12,"2025-01-18 12:00:00"
7121,1250.0,1000.0,"2025-01-18 13:00:00"
7122,1218.66,974.93,"2025-01-18 14:00:00"
7123,1970.87,1576.7,"2025-01-18 15:00:00"
7124,1710.26,1368.21,"2025-01-18 16:00:00"
7125,779.36,623.49,"2025-01-18 17:00:00"
7126,542.35,433.88,"2025-01-18 18:00:00"
7127,278.15,222.52,"2025-01-18 19:00:00"
7128,0.0,0.0,"2025-01-18 20:00:00"
7129,0.0,0.0,"2025-01-18 21:00:00"
7130,0.0,0.0,"2025-01-18 22:00:00"
7131,0.0,0.0,"2025-01-18 23:00:00"
7132,0.0,0.0,"2025-01-19 00:00:00"
7133,0.0,0.0,"2025-01-19 01:00:00"
7134,0.0,0.0,"2025-01-19 02:00:00"
7135,0.0,0.0,"2025-01-19 03:00:00"
7136,0.0,0.0,"2025-01-19 04:00:00"
7137,0.0,0.0,"2025-01-19 05:00:00"
7138,0.0,0.0,"2025-01-19 06:00:00"
7139,486.76,389.41,"2025-01-19 07:00:00"
7140,949.12,759.3,"2025-01-19 08:00:00"
7141,1363.88,1091.1,"2025-01-19 09:00:00"
7142,1710.26,1368.21,"2025-01-19 10:00:00"
7143,1970.87,1576.7,"2025-01-19 11:00:00"
7144,2132.65,1706.12,"2025-01-19 12:00:00"
7145,2187.5,1750.0,"2025-01-19 13:00:00"
7146,1218.66,974.93,"2025-01-19 14:00:00"
7147,1126.21,900.97,"2025-01-19 15:00:00"
7148,977.29,781.83,"2025-01-19 16:00:00"
7149,1363.88,1091.1,"2025-01-19 17:00:00"
7150,949.12,759.3,"2025-01-19 18:00:00"
7151,486.76,389.41,"2025-01-19 19:00:00"
7152,0.0,0.0,"2025-01-19 20:00:00"
7153,0.0,0.0,"2025-01-19 21:00:00"
7154,0.0,0.0,"2025-01-19 22:00:00"
7155,0.0,0.0,"2025-01-19 23:00:00"
7156,0.0,0.0,"2025-01-20 00:00:00"
7157,0.0,0.0,"2025-01-20 01:00:00"
7158,0.0,0.0,"2025-01-20 02:00:00"
7159,0.0,0.0,"2025-01-20 03:00:00"
7160,0.0,0.0,"2025-01-20 04:00:00"
7161,0.0,0.0,"2025-01-20 05:00:00"
7162,0.0,0.0,"2025-01-20 06:00:00"
7163,778.82,623.06,"2025-01-20 07:00:00"
7164,949.12,759.3,"2025-01-20 08:00:00"
7165,2182.21,1745.77,"2025-01-20 09:00:00"
7166,1710.26,1368.21,"2025-01-20 10:00:00"
7167,1970.87,1576.7,"2025-01-20 11:00:00"
7168,3412.25,2729.8,"2025-01-20 12:00:00"
7169,3500.0,2800.0,"2025-01-20 13:00:00"
7170,4143.44,3314.75,"2025-01-20 14:00:00"
7171,3153.39,2522.71,"2025-01-20 15:00:00"
7172,3322.78,2658.22,"2025-01-20 16:00:00"
7173,2649.83,2119.86,"2025-01-20 17:00:00"
7174,2169.42,1735.54,"2025-01-20 18:00:00"
7175,945.71,756.57,"2025-01-20 19:00:00"
7176,0.0,0.0,"2025-01-20 20:00:00"
7177,0.0,0.0,"2025-01-20 21:00:00"
7178,0.0,0.0,"2025-01-20 22:00:00"
7179,0.0,0.0,"2025-01-20 23:00:00"
7180,0.0,0.0,"2025-01-21 00:00:00"
7181,0.0,0.0,"2025-01-21 01:00:00"
7182,0.0,0.0,"2025-01-21 02:00:00"
7183,0.0,0.0,"2025-01-21 03:00:00"
7184,0.0,0.0,"2025-01-21 04:00:00"
7185,0.0,0.0,"2025-01-21 05:00:00"
7186,0.0,0.0,"2025-01-21 06:00:00"
7187,486.76,389.41,"2025-01-21 07:00:00"
7188,949.12,759.3,"2025-01-21 08:00:00"
7189,779.36,623.49,"2025-01-21 09:00:00"
7190,977.29,781.83,"2025-01-21 10:00:00"
7191,1126.21,900.97,"2025-01-21 11:00:00"
7192,1218.66,974.93,"2025-01-21 12:00:00"
7193,2187.5,1750.0,"2025-01-21 13:00:00"
7194,2132.65,1706.12,"2025-01-21 14:00:00"
7195,1970.87,1576.7,"2025-01-21 15:00:00"
7196,1710.26,1368.21,"2025-01-21 16:00:00"
7197,779.36,623.49,"2025-01-21 17:00:00"
7198,542.35,433.88,"2025-01-21 18:00:00"
7199,486.76,389.41,"2025-01-21 19:00:00"
7200,0.0,0.0,"2025-01-21 20:00:00"
7201,0.0,0.0,"2025-01-21 21:00:00"
7202,0.0,0.0,"2025-01-21 22:00:00"
7203,0.0,0.0,"2025-01-21 23:00:00"
7204,0.0,0.0,"2025-01-22 00:00:00"
7205,0.0,0.0,"2025-01-22 01:00:00"
7206,0.0,0.0,"2025-01-22 02:00:00"
7207,0.0,0.0,"2025-01-22 03:00:00"
7208,0.0,0.0,"2025-01-22 04:00:00"
7209,0.0,0.0,"2025-01-22 05:00:00"
7210,0.0,0.0,"2025-01-22 06:00:00"
7211,278.15,222.52,"2025-01-22 07:00:00"
7212,542.35,433.88,"2025-01-22 08:00:00"
7213,779.36,623.49,"2025-01-22 09:00:00"
7214,977.29,781.83,"2025-01-22 10:00:00"
7215,1126.21,900.97,"2025-01-22 11:00:00"
7216,1218.66,974.93,"2025-01-22 12:00:00"
7217,2187.5,1750.0,"2025-01-22 13:00:00"
7218,1218.66,974.93,"2025-01-22 14:00:00"
7219,1970.87,1576.7,"2025-01-22 15:00:00"
7220,1710.26,1368.21,"2025-01-22 16:00:00"
7221,1363.88,1091.1,"2025-01-22 17:00:00"
7222,949.12,759.3,"2025-01-22 18:00:00"
7223,486.76,389.41,"2025-01-22 19:00:00"
7224,0.0,0.0,"2025-01-22 20:00:00"
7225,0.0,0.0,"2025-01-22 21:00:00"
7226,0.0,0.0,"2025-01-22 22:00:00"
7227,0.0,0.0,"2025-01-22 23:00:00"
7228,0.0,0.0,"2025-01-23 00:00:00"
7229,0.0,0.0,"2025-01-23 01:00:00"
7230,0.0,0.0,"2025-01-23 02:00:00"
7231,0.0,0.0,"2025-01-23 03:00:00"
7232,0.0,0.0,"2025-01-23 04:00:00"
7233,0.0,0.0,"2025-01-23 05:00:00"
7234,0.0,0.0,"2025-01-23 06:00:00"
7235,278.15,222.52,"2025-01-23 07:00:00"
7236,1518.59,1214.87,"2025-01-23 08:00:00"
7237,1363.88,1091.1,"2025-01-23 09:00:00"
7238,1710.26,1368.21,"2025-01-23 10:00:00"
7239,3153.39,2522.71,"2025-01-23 11:00:00"
7240,2132.65,1706.12,"2025-01-23 12:00:00"
7241,2187.5,1750.0,"2025-01-23 13:00:00"
7242,2132.65,1706.12,"2025-01-23 14:00:00"
7243,3153.39,2522.71,"2025-01-23 15:00:00"
7244,2736.41,2189.13,"2025-01-23 16:00:00"
7245,2649.83,2119.86,"2025-01-23 17:00:00"
7246,2169.42,1735.54,"2025-01-23 18:00:00"
7247,1112.6,890.08,"2025-01-23 19:00:00"
7248,0.0,0.0,"2025-01-23 20:00:00"
7249,0.0,0.0,"2025-01-23 21:00:00"
7250,0.0,0.0,"2025-01-23 22:00:00"
7251,0.0,0.0,"2025-01-23 23:00:00"
7252,0.0,0.0,"2025-01-24 00:00:00"
7253,0.0,0.0,"2025-01-24 01:00:00"
7254,0.0,0.0,"2025-01-24 02:00:00"
7255,0.0,0.0,"2025-01-24 03:00:00"
7256,0.0,0.0,"2025-01-24 04:00:00"
7257,0.0,0.0,"2025-01-24 05:00:00"
7258,0.0,0.0,"2025-01-24 06:00:00"
7259,486.76,389.41,"2025-01-24 07:00:00"
7260,949.12,759.3,"2025-01-24 08:00:00"
7261,1363.88,1091.1,"2025-01-24 09:00:00"
7262,3322.78,2658.22,"2025-01-24 10:00:00"
7263,3829.12,3063.3,"2025-01-24 11:00:00"
7264,4874.64,3899.71,"2025-01-24 12:00:00"
7265,5000.0,4000.0,"2025-01-24 13:00:00"
7266,4874.64,3899.71,"2025-01-24 14:00:00"
7267,4504.84,3603.87,"2025-01-24 15:00:00"
7268,3909.16,3127.33,"2025-01-24 16:00:00"
7269,3117.45,2493.96,"2025-01-24 17:00:00"
7270,2169.42,1735.54,"2025-01-24 18:00:00"
7271,1112.6,890.08,"2025-01-24 19:00:00"
7272,0.0,0.0,"2025-01-24 20:00:00"
7273,0.0,0.0,"2025-01-24 21:00:00"
7274,0.0,0.0,"2025-01-24 22:00:00"
7275,0.0,0.0,"2025-01-24 23:00:00"
7276,0.0,0.0,"2025-01-25 00:00:00"
7277,0.0,0.0,"2025-01-25 01:00:00"
7278,0.0,0.0,"2025-01-25 02:00:00"
7279,0.0,0.0,"2025-01-25 03:00:00"
7280,0.0,0.0,"2025-01-25 04:00:00"
7281,0.0,0.0,"2025-01-25 05:00:00"
7282,0.0,0.0,"2025-01-25 06:00:00"
7283,1112.6,890.08,"2025-01-25 07:00:00"
7284,2169.42,1735.54,"2025-01-25 08:00:00"
7285,3117.45,2493.96,"2025-01-25 09:00:00"
7286,3909.16,3127.33,"2025-01-25 10:00:00"
7287,4504.84,3603.87,"2025-01-25 11:00:00"
7288,4874.64,3899.71,"2025-01-25 12:00:00"
7289,5000.0,4000.0,"2025-01-25 13:00:00"
7290,4874.64,3899.71,"2025-01-25 14:00:00"
7291,4504.84,3603.87,"2025-01-25 15:00:00"
7292,3909.16,3127.33,"2025-01-25 16:00:00"
7293,3117.45,2493.96,"2025-01-25 17:00:00"
7294,2169.42,1735.54,"2025-01-25 18:00:00"
7295,1112.6,890.08,"2025-01-25 19:00:00"
7296,0.0,0.0,"2025-01-25 20:00:00"
7297,0.0,0.0,"2025-01-25 21:00:00"
7298,0.0,0.0,"2025-01-25 22:00:00"
7299,0.0,0.0,"2025-01-25 23:00:00"
7300,0.0,0.0,"2025-01-26 00:00:00"
7301,0.0,0.0,"2025-01-26 01:00:00"
7302,0.0,0.0,"2025-01-26 02:00:00"
7303,0.0,0.0,"2025-01-26 03:00:00"
7304,0.0,0.0,"2025-01-26 04:00:00"
7305,0.0,0.0,"2025-01-26 05:00:00"
7306,0.0,0.0,"2025-01-26 06:00:00"
7307,486.76,389.41,"2025-01-26 07:00:00"
7308,2169.42,1735.54,"2025-01-26 08:00:00"
7309,1363.88,1091.1,"2025-01-26 09:00:00"
7310,3322.78,2658.22,"2025-01-26 10:00:00"
7311,1970.87,1576.7,"2025-01-26 11:00:00"
7312,2132.65,1706.12,"2025-01-26 12:00:00"
7313,2187.5,1750.0,"2025-01-26 13:00:00"
7314,2132.65,1706.12,"2025-01-26 14:00:00"
7315,1970.87,1576.7,"2025-01-26 15:00:00"
7316,1710.26,1368.21,"2025-01-26 16:00:00"
7317,1363.88,1091.1,"2025-01-26 17:00:00"
7318,949.12,759.3,"2025-01-26 18:00:00"
7319,945.71,756.57,"2025-01-26 19:00:00"
7320,0.0,0.0,"2025-01-26 20:00:00"
7321,0.0,0.0,"2025-01-26 21:00:00"
7322,0.0,0.0,"2025-01-26 22:00:00"
7323,0.0,0.0,"2025-01-26 23:00:00"
7324,0.0,0.0,"2025-01-27 00:00:00"
7325,0.0,0.0,"2025-01-27 01:00:00"
7326,0.0,0.0,"2025-01-27 02:00:00"
7327,0.0,0.0,"2025-01-27 03:00:00"
7328,0.0,0.0,"2025-01-27 04:00:00"
7329,0.0,0.0,"2025-01-27 05:00:00"
7330,0.0,0.0,"2025-01-27 06:00:00"
7331,1112.6,890.08,"2025-01-27 07:00:00"
7332,1844.01,1475.21,"2025-01-27 08:00:00"
7333,2182.21,1745.77,"2025-01-27 09:00:00"
7334,1710.26,1368.21,"2025-01-27 10:00:00"
7335,3153.39,2522.71,"2025-01-27 11:00:00"
7336,2132.65,1706.12,"2025-01-27 12:00:00"
7337,2187.5,1750.0,"2025-01-27 13:00:00"
7338,2132.65,1706.12,"2025-01-27 14:00:00"
7339,1970.87,1576.7,"2025-01-27 15:00:00"
7340,2736.41,2189.13,"2025-01-27 16:00:00"
7341,1363.88,1091.1,"2025-01-27 17:00:00"
7342,949.12,759.3,"2025-01-27 18:00:00"
7343,486.76,389.41,"2025-01-27 19:00:00"
7344,0.0,0.0,"2025-01-27 20:00:00"
7345,0.0,0.0,"2025-01-27 21:00:00"
7346,0.0,0.0,"2025-01-27 22:00:00"
7347,0.0,0.0,"2025-01-27 23:00:00"
7348,0.0,0.0,"2025-01-28 00:00:00"
7349,0.0,0.0,"2025-01-28 01:00:00"
7350,0.0,0.0,"2025-01-28 02:00:00"
7351,0.0,0.0,"2025-01-28 03:00:00"
7352,0.0,0.0,"2025-01-28 04:00:00"
7353,0.0,0.0,"2025-01-28 05:00:00"
7354,0.0,0.0,"2025-01-28 06:00:00"
7355,486.76,389.41,"2025-01-28 07:00:00"
7356,949.12,759.3,"2025-01-28 08:00:00"
7357,1363.88,1091.1,"2025-01-28 09:00:00"
7358,1710.26,1368.21,"2025-01-28 10:00:00"
7359,1970.87,1576.7,"2025-01-28 11:00:00"
7360,2132.65,1706.12,"2025-01-28 12:00:00"
7361,2187.5,1750.0,"2025-01-28 13:00:00"
7362,2132.65,1706.12,"2025-01-28 14:00:00"
7363,1970.87,1576.7,"2025-01-28 15:00:00"
7364,1710.26,1368.21,"2025-01-28 16:00:00"
7365,1363.88,1091.1,"2025-01-28 17:00:00"
7366,949.12,759.3,"2025-01-28 18:00:00"
7367,486.76,389.41,"2025-01-28 19:00:00"
7368,0.0,0.0,"2025-01-28 20:00:00"
7369,0.0,0.0,"2025-01-28 21:00:00"
7370,0.0,0.0,"2025-01-28 22:00:00"
7371,0.0,0.0,"2025-01-28 23:00:00"
7372,0.0,0.0,"2025-01-29 00:00:00"
7373,0.0,0.0,"2025-01-29 01:00:00"
7374,0.0,0.0,"2025-01-29 02:00:00"
7375,0.0,0.0,"2025-01-29 03:00:00"
7376,0.0,0.0,"2025-01-29 04:00:00"
7377,0.0,0.0,"2025-01-29 05:00:00"
7378,0.0,0.0,"2025-01-29 06:00:00"
7379,1112.6,890.08,"2025-01-29 07:00:00"
7380,2169.42,1735.54,"2025-01-29 08:00:00"
7381,3117.45,2493.96,"2025-01-29 09:00:00"
7382,3909.16,3127.33,"2025-01-29 10:00:00"
7383,4504.84,3603.87,"2025-01-29 11:00:00"
7384,4874.64,3899.71,"2025-01-29 12:00:00"
7385,4250.0,3400.0,"2025-01-29 13:00:00"
7386,4143.44,3314.75,"2025-01-29 14:00:00"
7387,3829.12,3063.3,"2025-01-29 15:00:00"
7388,3322.78,2658.22,"2025-01-29 16:00:00"
7389,2649.83,2119.86,"2025-01-29 17:00:00"
7390,1844.01,1475.21,"2025-01-29 18:00:00"
7391,778.82,623.06,"2025-01-29 19:00:00"
7392,0.0,0.0,"2025-01-29 20:00:00"
7393,0.0,0.0,"2025-01-29 21:00:00"
7394,0.0,0.0,"2025-01-29 22:00:00"
7395,0.0,0.0,"2025-01-29 23:00:00"
7396,0.0,0.0,"2025-01-30 00:00:00"
7397,0.0,0.0,"2025-01-30 01:00:00"
7398,0.0,0.0,"2025-01-30 02:00:00"
7399,0.0,0.0,"2025-01-30 03:00:00"
7400,0.0,0.0,"2025-01-30 04:00:00"
7401,0.0,0.0,"2025-01-30 05:00:00"
7402,0.0,0.0,"2025-01-30 06:00:00"
7403,1112.6,890.08,"2025-01-30 07:00:00"
7404,2169.42,1735.54,"2025-01-30 08:00:00"
7405,3117.45,2493.96,"2025-01-30 09:00:00"
7406,3909.16,3127.33,"2025-01-30 10:00:00"
7407,4504.84,3603.87,"2025-01-30 11:00:00"
7408,4874.64,3899.71,"2025-01-30 12:00:00"
7409,5000.0,4000.0,"2025-01-30 13:00:00"
7410,4874.64,3899.71,"2025-01-30 14:00:00"
7411,3829.12,3063.3,"2025-01-30 15:00:00"
7412,3322.78,2658.22,"2025-01-30 16:00:00"
7413,3117.45,2493.96,"2025-01-30 17:00:00"
7414,2169.42,1735.54,"2025-01-30 18:00:00"
7415,1112.6,890.08,"2025-01-30 19:00:00"
7416,0.0,0.0,"2025-01-30 20:00:00"
7417,0.0,0.0,"2025-01-30 21:00:00"
7418,0.0,0.0,"2025-01-30 22:00:00"
7419,0.0,0.0,"2025-01-30 23:00:00"
7420,0.0,0.0,"2025-01-31 00:00:00"
7421,0.0,0.0,"2025-01-31 01:00:00"
7422,0.0,0.0,"2025-01-31 02:00:00"
7423,0.0,0.0,"2025-01-31 03:00:00"
7424,0.0,0.0,"2025-01-31 04:00:00"
7425,0.0,0.0,"2025-01-31 05:00:00"
7426,0.0,0.0,"2025-01-31 06:00:00"
7427,486.76,389.41,"2025-01-31 07:00:00"
7428,949.12,759.3,"2025-01-31 08:00:00"
7429,1363.88,1091.1,"2025-01-31 09:00:00"
7430,1710.26,1368.21,"2025-01-31 10:00:00"
7431,1970.87,1576.7,"2025-01-31 11:00:00"
7432,3412.25,2729.8,"2025-01-31 12:00:00"
7433,3500.0,2800.0,"2025-01-31 13:00:00"
7434,3412.25,2729.8,"2025-01-31 14:00:00"
7435,1970.87,1576.7,"2025-01-31 15:00:00"
7436,1710.26,1368.21,"2025-01-31 16:00:00"
7437,2182.21,1745.77,"2025-01-31 17:00:00"
7438,949.12,759.3,"2025-01-31 18:00:00"
7439,486.76,389.41,"2025-01-31 19:00:00"
7440,0.0,0.0,"2025-01-31 20:00:00"
7441,0.0,0.0,"2025-01-31 21:00:00"
7442,0.0,0.0,"2025-01-31 22:00:00"
7443,0.0,0.0,"2025-01-31 23:00:00"
7444,0.0,0.0,"2025-02-01 00:00:00"
7445,0.0,0.0,"2025-02-01 01:00:00"
7446,0.0,0.0,"2025-02-01 02:00:00"
7447,0.0,0.0,"2025-02-01 03:00:00"
7448,0.0,0.0,"2025-02-01 04:00:00"
7449,0.0,0.0,"2025-02-01 05:00:00"
7450,0.0,0.0,"2025-02-01 06:00:00"
7451,486.76,389.41,"2025-02-01 07:00:00"
7452,949.12,759.3,"2025-02-01 08:00:00"
7453,1363.88,1091.1,"2025-02-01 09:00:00"
7454,1710.26,1368.21,"2025-02-01 10:00:00"
7455,1970.87,1576.7,"2025-02-01 11:00:00"
7456,2132.65,1706.12,"2025-02-01 12:00:00"
7457,2187.5,1750.0,"2025-02-01 13:00:00"
7458,2132.65,1706.12,"2025-02-01 14:00:00"
7459,1970.87,1576.7,"2025-02-01 15:00:00"
7460,3322.78,2658.22,"2025-02-01 16:00:00"
7461,2649.83,2119.86,"2025-02-01 17:00:00"
7462,1518.59,1214.87,"2025-02-01 18:00:00"
7463,1112.6,890.08,"2025-02-01 19:00:00"
7464,0.0,0.0,"2025-02-01 20:00:00"
7465,0.0,0.0,"2025-02-01 21:00:00"
7466,0.0,0.0,"2025-02-01 22:00:00"
7467,0.0,0.0,"2025-02-01 23:00:00"
7468,0.0,0.0,"2025-02-02 00:00:00"
7469,0.0,0.0,"2025-02-02 01:00:00"
7470,0.0,0.0,"2025-02-02 02:00:00"
7471,0.0,0.0,"2025-02-02 03:00:00"
7472,0.0,0.0,"2025-02-02 04:00:00"
7473,0.0,0.0,"2025-02-02 05:00:00"
7474,0.0,0.0,"2025-02-02 06:00:00"
7475,1079.23,863.38,"2025-02-02 07:00:00"
7476,2120.61,1696.49,"2025-02-02 08:00:00"
7477,3070.69,2456.55,"2025-02-02 09:00:00"
7478,3909.16,3127.33,"2025-02-02 10:00:00"
7479,3829.12,3063.3,"2025-02-02 11:00:00"
7480,4143.44,3314.75,"2025-02-02 12:00:00"
7481,4250.0,3400.0,"2025-02-02 13:00:00"
7482,4874.64,3899.71,"2025-02-02 14:00:00"
7483,4504.84,3603.87,"2025-02-02 15:00:00"
7484,3909.16,3127.33,"2025-02-02 16:00:00"
7485,3117.45,2493.96,"2025-02-02 17:00:00"
7486,2169.42,1735.54,"2025-02-02 18:00:00"
7487,1112.6,890.08,"2025-02-02 19:00:00"
7488,0.0,0.0,"2025-02-02 20:00:00"
7489,0.0,0.0,"2025-02-02 21:00:00"
7490,0.0,0.0,"2025-02-02 22:00:00"
7491,0.0,0.0,"2025-02-02 23:00:00"
7492,0.0,0.0,"2025-02-03 00:00:00"
7493,0.0,0.0,"2025-02-03 01:00:00"
7494,0.0,0.0,"2025-02-03 02:00:00"
7495,0.0,0.0,"2025-02-03 03:00:00"
7496,0.0,0.0,"2025-02-03 04:00:00"
7497,0.0,0.0,"2025-02-03 05:00:00"
7498,0.0,0.0,"2025-02-03 06:00:00"
7499,945.71,756.57,"2025-02-03 07:00:00"
7500,949.12,759.3,"2025-02-03 08:00:00"
7501,1363.88,1091.1,"2025-02-03 09:00:00"
7502,1710.26,1368.21,"2025-02-03 10:00:00"
7503,1970.87,1576.7,"2025-02-03 11:00:00"
7504,2132.65,1706.12,"2025-02-03 12:00:00"
7505,2187.5,1750.0,"2025-02-03 13:00:00"
7506,2132.65,1706.12,"2025-02-03 14:00:00"
7507,1970.87,1576.7,"2025-02-03 15:00:00"
7508,1710.26,1368.21,"2025-02-03 16:00:00"
7509,1363.88,1091.1,"2025-02-03 17:00:00"
7510,949.12,759.3,"2025-02-03 18:00:00"
7511,945.71,756.57,"2025-02-03 19:00:00"
7512,0.0,0.0,"2025-02-03 20:00:00"
7513,0.0,0.0,"2025-02-03 21:00:00"
7514,0.0,0.0,"2025-02-03 22:00:00"
7515,0.0,0.0,"2025-02-03 23:00:00"
7516,0.0,0.0,"2025-02-04 00:00:00"
7517,0.0,0.0,"2025-02-04 01:00:00"
7518,0.0,0.0,"2025-02-04 02:00:00"
7519,0.0,0.0,"2025-02-04 03:00:00"
7520,0.0,0.0,"2025-02-04 04:00:00"
7521,0.0,0.0,"2025-02-04 05:00:00"
7522,0.0,0.0,"2025-02-04 06:00:00"
7523,486.76,389.41,"2025-02-04 07:00:00"
7524,949.12,759.3,"2025-02-04 08:00:00"
7525,1363.88,1091.1,"2025-02-04 09:00:00"
7526,1710.26,1368.21,"2025-02-04 10:00:00"
7527,1970.87,1576.7,"2025-02-04 11:00:00"
7528,2132.65,1706.12,"2025-02-04 12:00:00"
7529,2187.5,1750.0,"2025-02-04 13:00:00"
7530,2132.65,1706.12,"2025-02-04 14:00:00"
7531,1970.87,1576.7,"2025-02-04 15:00:00"
7532,1710.26,1368.21,"2025-02-04 16:00:00"
7533,1363.88,1091.1,"2025-02-04 17:00:00"
7534,949.12,759.3,"2025-02-04 18:00:00"
7535,486.76,389.41,"2025-02-04 19:00:00"
7536,0.0,0.0,"2025-02-04 20:00:00"
7537,0.0,0.0,"2025-02-04 21:00:00"
7538,0.0,0.0,"2025-02-04 22:00:00"
7539,0.0,0.0,"2025-02-04 23:00:00"
7540,0.0,0.0,"2025-02-05 00:00:00"
7541,0.0,0.0,"2025-02-05 01:00:00"
7542,0.0,0.0,"2025-02-05 02:00:00"
7543,0.0,0.0,"2025-02-05 03:00:00"
7544,0.0,0.0,"2025-02-05 04:00:00"
7545,0.0,0.0,"2025-02-05 05:00:00"
7546,0.0,0.0,"2025-02-05 06:00:00"
7547,1112.6,890.08,"2025-02-05 07:00:00"
7548,2169.42,1735.54,"2025-02-05 08:00:00"
7549,3117.45,2493.96,"2025-02-05 09:00:00"
7550,3909.16,3127.33,"2025-02-05 10:00:00"
7551,4504.84,3603.87,"2025-02-05 11:00:00"
7552,4143.44,3314.75,"2025-02-05 12:00:00"
7553,4250.0,3400.0,"2025-02-05 13:00:00"
7554,4143.44,3314.75,"2025-02-05 14:00:00"
7555,3829.12,3063.3,"2025-02-05 15:00:00"
7556,3322.78,2658.22,"2025-02-05 16:00:00"
7557,3117.45,2493.96,"2025-02-05 17:00:00"
7558,1844.01,1475.21,"2025-02-05 18:00:00"
7559,945.71,756.57,"2025-02-05 19:00:00"
7560,0.0,0.0,"2025-02-05 20:00:00"
7561,0.0,0.0,"2025-02-05 21:00:00"
7562,0.0,0.0,"2025-02-05 22:00:00"
7563,0.0,0.0,"2025-02-05 23:00:00"
7564,0.0,0.0,"2025-02-06 00:00:00"
7565,0.0,0.0,"2025-02-06 01:00:00"
7566,0.0,0.0,"2025-02-06 02:00:00"
7567,0.0,0.0,"2025-02-06 03:00:00"
7568,0.0,0.0,"2025-02-06 04:00:00"
7569,0.0,0.0,"2025-02-06 05:00:00"
7570,0.0,0.0,"2025-02-06 06:00:00"
7571,1112.6,890.08,"2025-02-06 07:00:00"
7572,2169.42,1735.54,"2025-02-06 08:00:00"
7573,3117.45,2493.96,"2025-02-06 09:00:00"
7574,3909.16,3127.33,"2025-02-06 10:00:00"
7575,3829.12,3063.3,"2025-02-06 11:00:00"
7576,2132.65,1706.12,"2025-02-06 12:00:00"
7577,3500.0,2800.0,"2025-02-06 13:00:00"
7578,4143.44,3314.75,"2025-02-06 14:00:00"
7579,3153.39,2522.71,"2025-02-06 15:00:00"
7580,2736.41,2189.13,"2025-02-06 16:00:00"
7581,2182.21,1745.77,"2025-02-06 17:00:00"
7582,949.12,759.3,"2025-02-06 18:00:00"
7583,486.76,389.41,"2025-02-06 19:00:00"
7584,0.0,0.0,"2025-02-06 20:00:00"
7585,0.0,0.0,"2025-02-06 21:00:00"
7586,0.0,0.0,"2025-02-06 22:00:00"
7587,0.0,0.0,"2025-02-06 23:00:00"
7588,0.0,0.0,"2025-02-07 00:00:00"
7589,0.0,0.0,"2025-02-07 01:00:00"
7590,0.0,0.0,"2025-02-07 02:00:00"
7591,0.0,0.0,"2025-02-07 03:00:00"
7592,0.0,0.0,"2025-02-07 04:00:00"
7593,0.0,0.0,"2025-02-07 05:00:00"
7594,0.0,0.0,"2025-02-07 06:00:00"
7595,778.82,623.06,"2025-02-07 07:00:00"
7596,949.12,759.3,"2025-02-07 08:00:00"
7597,1363.88,1091.1,"2025-02-07 09:00:00"
7598,2736.41,2189.13,"2025-02-07 10:00:00"
7599,3153.39,2522.71,"2025-02-07 11:00:00"
7600,3412.25,2729.8,"2025-02-07 12:00:00"
7601,2187.5,1750.0,"2025-02-07 13:00:00"
7602,2132.65,1706.12,"2025-02-07 14:00:00"
7603,1970.87,1576.7,"2025-02-07 15:00:00"
7604,1710.26,1368.21,"2025-02-07 16:00:00"
7605,1363.88,1091.1,"2025-02-07 17:00:00"
7606,949.12,759.3,"2025-02-07 18:00:00"
7607,486.76,389.41,"2025-02-07 19:00:00"
7608,0.0,0.0,"2025-02-07 20:00:00"
7609,0.0,0.0,"2025-02-07 21:00:00"
7610,0.0,0.0,"2025-02-07 22:00:00"
7611,0.0,0.0,"2025-02-07 23:00:00"
7612,0.0,0.0,"2025-02-08 00:00:00"
7613,0.0,0.0,"2025-02-08 01:00:00"
7614,0.0,0.0,"2025-02-08 02:00:00"
7615,0.0,0.0,"2025-02-08 03:00:00"
7616,0.0,0.0,"2025-02-08 04:00:00"
7617,0.0,0.0,"2025-02-08 05:00:00"
7618,0.0,0.0,"2025-02-08 06:00:00"
7619,486.76,389.41,"2025-02-08 07:00:00"
7620,542.35,433.88,"2025-02-08 08:00:00"
7621,779.36,623.49,"2025-02-08 09:00:00"
7622,977.29,781.83,"2025-02-08 10:00:00"
7623,1126.21,900.97,"2025-02-08 11:00:00"
7624,1218.66,974.93,"2025-02-08 12:00:00"
7625,1250.0,1000.0,"2025-02-08 13:00:00"
7626,1218.66,974.93,"2025-02-08 14:00:00"
7627,1126.21,900.97,"2025-02-08 15:00:00"
7628,977.29,781.83,"2025-02-08 16:00:00"
7629,1363.88,1091.1,"2025-02-08 17:00:00"
7630,949.12,759.3,"2025-02-08 18:00:00"
7631,486.76,389.41,"2025-02-08 19:00:00"
7632,0.0,0.0,"2025-02-08 20:00:00"
7633,0.0,0.0,"2025-02-08 21:00:00"
7634,0.0,0.0,"2025-02-08 22:00:00"
7635,0.0,0.0,"2025-02-08 23:00:00"
7636,0.0,0.0,"2025-02-09 00:00:00"
7637,0.0,0.0,"2025-02-09 01:00:00"
7638,0.0,0.0,"2025-02-09 02:00:00"
7639,0.0,0.0,"2025-02-09 03:00:00"
7640,0.0,0.0,"2025-02-09 04:00:00"
7641,0.0,0.0,"2025-02-09 05:00:00"
7642,0.0,0.0,"2025-02-09 06:00:00"
7643,486.76,389.41,"2025-02-09 07:00:00"
7644,542.35,433.88,"2025-02-09 08:00:00"
7645,779.36,623.49,"2025-02-09 09:00:00"
7646,977.29,781.83,"2025-02-09 10:00:00"
7647,1970.87,1576.7,"2025-02-09 11:00:00"
7648,2132.65,1706.12,"2025-02-09 12:00:00"
7649,2187.5,1750.0,"2025-02-09 13:00:00"
7650,2132.65,1706.12,"2025-02-09 14:00:00"
7651,1970.87,1576.7,"2025-02-09 15:00:00"
7652,977.29,781.83,"2025-02-09 16:00:00"
7653,1363.88,1091.1,"2025-02-09 17:00:00"
7654,949.12,759.3,"2025-02-09 18:00:00"
7655,278.15,222.52,"2025-02-09 19:00:00"
7656,0.0,0.0,"2025-02-09 20:00:00"
7657,0.0,0.0,"2025-02-09 21:00:00"
7658,0.0,0.0,"2025-02-09 22:00:00"
7659,0.0,0.0,"2025-02-09 23:00:00"
7660,0.0,0.0,"2025-02-10 00:00:00"
7661,0.0,0.0,"2025-02-10 01:00:00"
7662,0.0,0.0,"2025-02-10 02:00:00"
7663,0.0,0.0,"2025-02-10 03:00:00"
7664,0.0,0.0,"2025-02-10 04:00:00"
7665,0.0,0.0,"2025-02-10 05:00:00"
7666,0.0,0.0,"2025-02-10 06:00:00"
7667,486.76,389.41,"2025-02-10 07:00:00"
7668,949.12,759.3,"2025-02-10 08:00:00"
7669,1363.88,1091.1,"2025-02-10 09:00:00"
7670,1710.26,1368.21,"2025-02-10 10:00:00"
7671,1970.87,1576.7,"2025-02-10 11:00:00"
7672,2132.65,1706.12,"2025-02-10 12:00:00"
7673,2187.5,1750.0,"2025-02-10 13:00:00"
7674,2132.65,1706.12,"2025-02-10 14:00:00"
7675,1970.87,1576.7,"2025-02-10 15:00:00"
7676,1710.26,1368.21,"2025-02-10 16:00:00"
7677,1363.88,1091.1,"2025-02-10 17:00:00"
7678,949.12,759.3,"2025-02-10 18:00:00"
7679,486.76,389.41,"2025-02-10 19:00:00"
7680,0.0,0.0,"2025-02-10 20:00:00"
7681,0.0,0.0,"2025-02-10 21:00:00"
7682,0.0,0.0,"2025-02-10 22:00:00"
7683,0.0,0.0,"2025-02-10 23:00:00"
7684,0.0,0.0,"2025-02-11 00:00:00"
7685,0.0,0.0,"2025-02-11 01:00:00"
7686,0.0,0.0,"2025-02-11 02:00:00"
7687,0.0,0.0,"2025-02-11 03:00:00"
7688,0.0,0.0,"2025-02-11 04:00:00"
7689,0.0,0.0,"2025-02-11 05:00:00"
7690,0.0,0.0,"2025-02-11 06:00:00"
7691,278.15,222.52,"2025-02-11 07:00:00"
7692,542.35,433.88,"2025-02-11 08:00:00"
7693,779.36,623.49,"2025-02-11 09:00:00"
7694,977.29,781.83,"2025-02-11 10:00:00"
7695,1126.21,900.97,"2025-02-11 11:00:00"
7696,2132.65,1706.12,"2025-02-11 12:00:00"
7697,2187.5,1750.0,"2025-02-11 13:00:00"
7698,2132.65,1706.12,"2025-02-11 14:00:00"
7699,1970.87,1576.7,"2025-02-11 15:00:00"
7700,1710.26,1368.21,"2025-02-11 16:00:00"
7701,1363.88,1091.1,"2025-02-11 17:00:00"
7702,949.12,759.3,"2025-02-11 18:00:00"
7703,486.76,389.41,"2025-02-11 19:00:00"
7704,0.0,0.0,"2025-02-11 20:00:00"
7705,0.0,0.0,"2025-02-11 21:00:00"
7706,0.0,0.0,"2025-02-11 22:00:00"
7707,0.0,0.0,"2025-02-11 23:00:00"
7708,0.0,0.0,"2025-02-12 00:00:00"
7709,0.0,0.0,"2025-02-12 01:00:00"
7710,0.0,0.0,"2025-02-12 02:00:00"
7711,0.0,0.0,"2025-02-12 03:00:00"
7712,0.0,0.0,"2025-02-12 04:00:00"
7713,0.0,0.0,"2025-02-12 05:00:00"
7714,0.0,0.0,"2025-02-12 06:00:00"
7715,486.76,389.41,"2025-02-12 07:00:00"
7716,949.12,759.3,"2025-02-12 08:00:00"
7717,1363.88,1091.1,"2025-02-12 09:00:00"
7718,1710.26,1368.21,"2025-02-12 10:00:00"
7719,1970.87,1576.7,"2025-02-12 11:00:00"
7720,2132.65,1706.12,"2025-02-12 12:00:00"
7721,2187.5,1750.0,"2025-02-12 13:00:00"
7722,2132.65,1706.12,"2025-02-12 14:00:00"
7723,1970.87,1576.7,"2025-02-12 15:00:00"
7724,1710.26,1368.21,"2025-02-12 16:00:00"
7725,1363.88,1091.1,"2025-02-12 17:00:00"
7726,949.12,759.3,"2025-02-12 18:00:00"
7727,778.82,623.06,"2025-02-12 19:00:00"
7728,0.0,0.0,"2025-02-12 20:00:00"
7729,0.0,0.0,"2025-02-12 21:00:00"
7730,0.0,0.0,"2025-02-12 22:00:00"
7731,0.0,0.0,"2025-02-12 23:00:00"
7732,0.0,0.0,"2025-02-13 00:00:00"
7733,0.0,0.0,"2025-02-13 01:00:00"
7734,0.0,0.0,"2025-02-13 02:00:00"
7735,0.0,0.0,"2025-02-13 03:00:00"
7736,0.0,0.0,"2025-02-13 04:00:00"
7737,0.0,0.0,"2025-02-13 05:00:00"
7738,0.0,0.0,"2025-02-13 06:00:00"
7739,486.76,389.41,"2025-02-13 07:00:00"
7740,949.12,759.3,"2025-02-13 08:00:00"
7741,1363.88,1091.1,"2025-02-13 09:00:00"
7742,1710.26,1368.21,"2025-02-13 10:00:00"
7743,1970.87,1576.7,"2025-02-13 11:00:00"
7744,2132.65,1706.12,"2025-02-13 12:00:00"
7745,2187.5,1750.0,"2025-02-13 13:00:00"
7746,2132.65,1706.12,"2025-02-13 14:00:00"
7747,1970.87,1576.7,"2025-02-13 15:00:00"
7748,1710.26,1368.21,"2025-02-13 16:00:00"
7749,1363.88,1091.1,"2025-02-13 17:00:00"
7750,949.12,759.3,"2025-02-13 18:00:00"
7751,486.76,389.41,"2025-02-13 19:00:00"
7752,0.0,0.0,"2025-02-13 20:00:00"
7753,0.0,0.0,"2025-02-13 21:00:00"
7754,0.0,0.0,"2025-02-13 22:00:00"
7755,0.0,0.0,"2025-02-13 23:00:00"
7756,0.0,0.0,"2025-02-14 00:00:00"
7757,0.0,0.0,"2025-02-14 01:00:00"
7758,0.0,0.0,"2025-02-14 02:00:00"
7759,0.0,0.0,"2025-02-14 03:00:00"
7760,0.0,0.0,"2025-02-14 04:00:00"
7761,0.0,0.0,"2025-02-14 05:00:00"
7762,0.0,0.0,"2025-02-14 06:00:00"
7763,486.76,389.41,"2025-02-14 07:00:00"
7764,949.12,759.3,"2025-02-14 08:00:00"
7765,2649.83,2119.86,"2025-02-14 09:00:00"
7766,3322.78,2658.22,"2025-02-14 10:00:00"
7767,3153.39,2522.71,"2025-02-14 11:00:00"
7768,4143.44,3314.75,"2025-02-14 12:00:00"
7769,5000.0,4000.0,"2025-02-14 13:00:00"
7770,4874.64,3899.71,"2025-02-14 14:00:00"
7771,4504.84,3603.87,"2025-02-14 15:00:00"
7772,3909.16,3127.33,"2025-02-14 16:00:00"
7773,3117.45,2493.96,"2025-02-14 17:00:00"
7774,2169.42,1735.54,"2025-02-14 18:00:00"
7775,1112.6,890.08,"2025-02-14 19:00:00"
7776,0.0,0.0,"2025-02-14 20:00:00"
7777,0.0,0.0,"2025-02-14 21:00:00"
7778,0.0,0.0,"2025-02-14 22:00:00"
7779,0.0,0.0,"2025-02-14 23:00:00"
7780,0.0,0.0,"2025-02-15 00:00:00"
7781,0.0,0.0,"2025-02-15 01:00:00"
7782,0.0,0.0,"2025-02-15 02:00:00"
7783,0.0,0.0,"2025-02-15 03:00:00"
7784,0.0,0.0,"2025-02-15 04:00:00"
7785,0.0,0.0,"2025-02-15 05:00:00"
7786,0.0,0.0,"2025-02-15 06:00:00"
7787,1112.6,890.08,"2025-02-15 07:00:00"
7788,949.12,759.3,"2025-02-15 08:00:00"
7789,1363.88,1091.1,"2025-02-15 09:00:00"
7790,3909.16,3127.33,"2025-02-15 10:00:00"
7791,3829.12,3063.3,"2025-02-15 11:00:00"
7792,2132.65,1706.12,"2025-02-15 12:00:00"
7793,2187.5,1750.0,"2025-02-15 13:00:00"
7794,2132.65,1706.12,"2025-02-15 14:00:00"
7795,1970.87,1576.7,"2025-02-15 15:00:00"
7796,1710.26,1368.21,"2025-02-15 16:00:00"
7797,1363.88,1091.1,"2025-02-15 17:00:00"
7798,949.12,759.3,"2025-02-15 18:00:00"
7799,778.82,623.06,"2025-02-15 19:00:00"
7800,0.0,0.0,"2025-02-15 20:00:00"
7801,0.0,0.0,"2025-02-15 21:00:00"
7802,0.0,0.0,"2025-02-15 22:00:00"
7803,0.0,0.0,"2025-02-15 23:00:00"
7804,0.0,0.0,"2025-02-16 00:00:00"
7805,0.0,0.0,"2025-02-16 01:00:00"
7806,0.0,0.0,"2025-02-16 02:00:00"
7807,0.0,0.0,"2025-02-16 03:00:00"
7808,0.0,0.0,"2025-02-16 04:00:00"
7809,0.0,0.0,"2025-02-16 05:00:00"
7810,0.0,0.0,"2025-02-16 06:00:00"
7811,486.76,389.41,"2025-02-16 07:00:00"
7812,949.12,759.3,"2025-02-16 08:00:00"
7813,1363.88,1091.1,"2025-02-16 09:00:00"
7814,1710.26,1368.21,"2025-02-16 10:00:00"
7815,1970.87,1576.7,"2025-02-16 11:00:00"
7816,2132.65,1706.12,"2025-02-16 12:00:00"
7817,3500.0,2800.0,"2025-02-16 13:00:00"
7818,4143.44,3314.75,"2025-02-16 14:00:00"
7819,3153.39,2522.71,"2025-02-16 15:00:00"
7820,2736.41,2189.13,"2025-02-16 16:00:00"
7821,1363.88,1091.1,"2025-02-16 17:00:00"
7822,949.12,759.3,"2025-02-16 18:00:00"
7823,486.76,389.41,"2025-02-16 19:00:00"
7824,0.0,0.0,"2025-02-16 20:00:00"
7825,0.0,0.0,"2025-02-16 21:00:00"
7826,0.0,0.0,"2025-02-16 22:00:00"
7827,0.0,0.0,"2025-02-16 23:00:00"
7828,0.0,0.0,"2025-02-17 00:00:00"
7829,0.0,0.0,"2025-02-17 01:00:00"
7830,0.0,0.0,"2025-02-17 02:00:00"
7831,0.0,0.0,"2025-02-17 03:00:00"
7832,0.0,0.0,"2025-02-17 04:00:00"
7833,0.0,0.0,"2025-02-17 05:00:00"
7834,0.0,0.0,"2025-02-17 06:00:00"
7835,1112.6,890.08,"2025-02-17 07:00:00"
7836,2169.42,1735.54,"2025-02-17 08:00:00"
7837,3117.45,2493.96,"2025-02-17 09:00:00"
7838,3909.16,3127.33,"2025-02-17 10:00:00"
7839,4504.84,3603.87,"2025-02-17 11:00:00"
7840,4874.64,3899.71,"2025-02-17 12:00:00"
7841,5000.0,4000.0,"2025-02-17 13:00:00"
7842,4874.64,3899.71,"2025-02-17 14:00:00"
7843,4504.84,3603.87,"2025-02-17 15:00:00"
7844,3909.16,3127.33,"2025-02-17 16:00:00"
7845,3117.45,2493.96,"2025-02-17 17:00:00"
7846,2169.42,1735.54,"2025-02-17 18:00:00"
7847,1112.6,890.08,"2025-02-17 19:00:00"
7848,0.0,0.0,"2025-02-17 20:00:00"
7849,0.0,0.0,"2025-02-17 21:00:00"
7850,0.0,0.0,"2025-02-17 22:00:00"
7851,0.0,0.0,"2025-02-17 23:00:00"
7852,0.0,0.0,"2025-02-18 00:00:00"
7853,0.0,0.0,"2025-02-18 01:00:00"
7854,0.0,0.0,"2025-02-18 02:00:00"
7855,0.0,0.0,"2025-02-18 03:00:00"
7856,0.0,0.0,"2025-02-18 04:00:00"
7857,0.0,0.0,"2025-02-18 05:00:00"
7858,0.0,0.0,"2025-02-18 06:00:00"
7859,1112.6,890.08,"2025-02-18 07:00:00"
7860,2169.42,1735.54,"2025-02-18 08:00:00"
7861,3117.45,2493.96,"2025-02-18 09:00:00"
7862,3909.16,3127.33,"2025-02-18 10:00:00"
7863,4504.84,3603.87,"2025-02-18 11:00:00"
7864,4874.64,3899.71,"2025-02-18 12:00:00"
7865,5000.0,4000.0,"2025-02-18 13:00:00"
7866,4874.64,3899.71,"2025-02-18 14:00:00"
7867,4504.84,3603.87,"2025-02-18 15:00:00"
7868,3909.16,3127.33,"2025-02-18 16:00:00"
7869,3117.45,2493.96,"2025-02-18 17:00:00"
7870,2169.42,1735.54,"2025-02-18 18:00:00"
7871,1112.6,890.08,"2025-02-18 19:00:00"
7872,0.0,0.0,"2025-02-18 20:00:00"
7873,0.0,0.0,"2025-02-18 21:00:00"
7874,0.0,0.0,"2025-02-18 22:00:00"
7875,0.0,0.0,"2025-02-18 23:00:00"
7876,0.0,0.0,"2025-02-19 00:00:00"
7877,0.0,0.0,"2025-02-19 01:00:00"
7878,0.0,0.0,"2025-02-19 02:00:00"
7879,0.0,0.0,"2025-02-19 03:00:00"
7880,0.0,0.0,"2025-02-19 04:00:00"
7881,0.0,0.0,"2025-02-19 05:00:00"
7882,0.0,0.0,"2025-02-19 06:00:00"
7883,1112.6,890.08,"2025-02-19 07:00:00"
7884,542.35,433.88,"2025-02-19 08:00:00"
7885,3117.45,2493.96,"2025-02-19 09:00:00"
7886,3909.16,3127.33,"2025-02-19 10:00:00"
7887,1126.21,900.97,"2025-02-19 11:00:00"
7888,4874.64,3899.71,"2025-02-19 12:00:00"
7889,5000.0,4000.0,"2025-02-19 13:00:00"
7890,4874.64,3899.71,"2025-02-19 14:00:00"
7891,4504.84,3603.87,"2025-02-19 15:00:00"
7892,3909.16,3127.33,"2025-02-19 16:00:00"
7893,3117.45,2493.96,"2025-02-19 17:00:00"
7894,2169.42,1735.54,"2025-02-19 18:00:00"
7895,1112.6,890.08,"2025-02-19 19:00:00"
7896,0.0,0.0,"2025-02-19 20:00:00"
7897,0.0,0.0,"2025-02-19 21:00:00"
7898,0.0,0.0,"2025-02-19 22:00:00"
7899,0.0,0.0,"2025-02-19 23:00:00"
7900,0.0,0.0,"2025-02-20 00:00:00"
7901,0.0,0.0,"2025-02-20 01:00:00"
7902,0.0,0.0,"2025-02-20 02:00:00"
7903,0.0,0.0,"2025-02-20 03:00:00"
7904,0.0,0.0,"2025-02-20 04:00:00"
7905,0.0,0.0,"2025-02-20 05:00:00"
7906,0.0,0.0,"2025-02-20 06:00:00"
7907,486.76,389.41,"2025-02-20 07:00:00"
7908,542.35,433.88,"2025-02-20 08:00:00"
7909,1363.88,1091.1,"2025-02-20 09:00:00"
7910,1710.26,1368.21,"2025-02-20 10:00:00"
7911,1970.87,1576.7,"2025-02-20 11:00:00"
7912,2132.65,1706.12,"2025-02-20 12:00:00"
7913,2187.5,1750.0,"2025-02-20 13:00:00"
7914,2132.65,1706.12,"2025-02-20 14:00:00"
7915,1970.87,1576.7,"2025-02-20 15:00:00"
7916,1710.26,1368.21,"2025-02-20 16:00:00"
7917,1363.88,1091.1,"2025-02-20 17:00:00"
7918,949.12,759.3,"2025-02-20 18:00:00"
7919,486.76,389.41,"2025-02-20 19:00:00"
7920,0.0,0.0,"2025-02-20 20:00:00"
7921,0.0,0.0,"2025-02-20 21:00:00"
7922,0.0,0.0,"2025-02-20 22:00:00"
7923,0.0,0.0,"2025-02-20 23:00:00"
7924,0.0,0.0,"2025-02-21 00:00:00"
7925,0.0,0.0,"2025-02-21 01:00:00"
7926,0.0,0.0,"2025-02-21 02:00:00"
7927,0.0,0.0,"2025-02-21 03:00:00"
7928,0.0,0.0,"2025-02-21 04:00:00"
7929,0.0,0.0,"2025-02-21 05:00:00"
7930,0.0,0.0,"2025-02-21 06:00:00"
7931,278.15,222.52,"2025-02-21 07:00:00"
7932,542.35,433.88,"2025-02-21 08:00:00"
7933,1363.88,1091.1,"2025-02-21 09:00:00"
7934,1710.26,1368.21,"2025-02-21 10:00:00"
7935,3829.12,3063.3,"2025-02-21 11:00:00"
7936,4143.44,3314.75,"2025-02-21 12:00:00"
7937,4250.0,3400.0,"2025-02-21 13:00:00"
7938,3412.25,2729.8,"2025-02-21 14:00:00"
7939,3829.12,3063.3,"2025-02-21 15:00:00"
7940,3322.78,2658.22,"2025-02-21 16:00:00"
7941,2182.21,1745.77,"2025-02-21 17:00:00"
7942,1844.01,1475.21,"2025-02-21 18:00:00"
7943,778.82,623.06,"2025-02-21 19:00:00"
7944,0.0,0.0,"2025-02-21 20:00:00"
7945,0.0,0.0,"2025-02-21 21:00:00"
7946,0.0,0.0,"2025-02-21 22:00:00"
7947,0.0,0.0,"2025-02-21 23:00:00"
7948,0.0,0.0,"2025-02-22 00:00:00"
7949,0.0,0.0,"2025-02-22 01:00:00"
7950,0.0,0.0,"2025-02-22 02:00:00"
7951,0.0,0.0,"2025-02-22 03:00:00"
7952,0.0,0.0,"2025-02-22 04:00:00"
7953,0.0,0.0,"2025-02-22 05:00:00"
7954,0.0,0.0,"2025-02-22 06:00:00"
7955,486.76,389.41,"2025-02-22 07:00:00"
7956,949.12,759.3,"2025-02-22 08:00:00"
7957,2182.21,1745.77,"2025-02-22 09:00:00"
7958,1710.26,1368.21,"2025-02-22 10:00:00"
7959,1970.87,1576.7,"2025-02-22 11:00:00"
7960,2132.65,1706.12,"2025-02-22 12:00:00"
7961,3500.0,2800.0,"2025-02-22 13:00:00"
7962,3412.25,2729.8,"2025-02-22 14:00:00"
7963,3153.39,2522.71,"2025-02-22 15:00:00"
7964,3322.78,2658.22,"2025-02-22 16:00:00"
7965,2649.83,2119.86,"2025-02-22 17:00:00"
7966,2169.42,1735.54,"2025-02-22 18:00:00"
7967,1112.6,890.08,"2025-02-22 19:00:00"
7968,0.0,0.0,"2025-02-22 20:00:00"
7969,0.0,0.0,"2025-02-22 21:00:00"
7970,0.0,0.0,"2025-02-22 22:00:00"
7971,0.0,0.0,"2025-02-22 23:00:00"
7972,0.0,0.0,"2025-02-23 00:00:00"
7973,0.0,0.0,"2025-02-23 01:00:00"
7974,0.0,0.0,"2025-02-23 02:00:00"
7975,0.0,0.0,"2025-02-23 03:00:00"
7976,0.0,0.0,"2025-02-23 04:00:00"
7977,0.0,0.0,"2025-02-23 05:00:00"
7978,0.0,0.0,"2025-02-23 06:00:00"
7979,945.71,756.57,"2025-02-23 07:00:00"
7980,1844.01,1475.21,"2025-02-23 08:00:00"
7981,2649.83,2119.86,"2025-02-23 09:00:00"
7982,3322.78,2658.22,"2025-02-23 10:00:00"
7983,3829.12,3063.3,"2025-02-23 11:00:00"
7984,3412.25,2729.8,"2025-02-23 12:00:00"
7985,3500.0,2800.0,"2025-02-23 13:00:00"
7986,2132.65,1706.12,"2025-02-23 14:00:00"
7987,1970.87,1576.7,"2025-02-23 15:00:00"
7988,2736.41,2189.13,"2025-02-23 16:00:00"
7989,1363.88,1091.1,"2025-02-23 17:00:00"
7990,949.12,759.3,"2025-02-23 18:00:00"
7991,486.76,389.41,"2025-02-23 19:00:00"
7992,0.0,0.0,"2025-02-23 20:00:00"
7993,0.0,0.0,"2025-02-23 21:00:00"
7994,0.0,0.0,"2025-02-23 22:00:00"
7995,0.0,0.0,"2025-02-23 23:00:00"
7996,0.0,0.0,"2025-02-24 00:00:00"
7997,0.0,0.0,"2025-02-24 01:00:00"
7998,0.0,0.0,"2025-02-24 02:00:00"
7999,0.0,0.0,"2025-02-24 03:00:00"
8000,0.0,0.0,"2025-02-24 04:00:00"
8001,0.0,0.0,"2025-02-24 05:00:00"
8002,0.0,0.0,"2025-02-24 06:00:00"
8003,486.76,389.41,"2025-02-24 07:00:00"
8004,949.12,759.3,"2025-02-24 08:00:00"
8005,2649.83,2119.86,"2025-02-24 09:00:00"
8006,2736.41,2189.13,"2025-02-24 10:00:00"
8007,3829.12,3063.3,"2025-02-24 11:00:00"
8008,2132.65,1706.12,"2025-02-24 12:00:00"
8009,2187.5,1750.0,"2025-02-24 13:00:00"
8010,4143.44,3314.75,"2025-02-24 14:00:00"
8011,3829.12,3063.3,"2025-02-24 15:00:00"
8012,3322.78,2658.22,"2025-02-24 16:00:00"
8013,2182.21,1745.77,"2025-02-24 17:00:00"
8014,1844.01,1475.21,"2025-02-24 18:00:00"
8015,1112.6,890.08,"2025-02-24 19:00:00"
8016,0.0,0.0,"2025-02-24 20:00:00"
8017,0.0,0.0,"2025-02-24 21:00:00"
8018,0.0,0.0,"2025-02-24 22:00:00"
8019,0.0,0.0,"2025-02-24 23:00:00"
8020,0.0,0.0,"2025-02-25 00:00:00"
8021,0.0,0.0,"2025-02-25 01:00:00"
8022,0.0,0.0,"2025-02-25 02:00:00"
8023,0.0,0.0,"2025-02-25 03:00:00"
8024,0.0,0.0,"2025-02-25 04:00:00"
8025,0.0,0.0,"2025-02-25 05:00:00"
8026,0.0,0.0,"2025-02-25 06:00:00"
8027,486.76,389.41,"2025-02-25 07:00:00"
8028,949.12,759.3,"2025-02-25 08:00:00"
8029,1363.88,1091.1,"2025-02-25 09:00:00"
8030,3909.16,3127.33,"2025-02-25 10:00:00"
8031,3829.12,3063.3,"2025-02-25 11:00:00"
8032,3412.25,2729.8,"2025-02-25 12:00:00"
8033,3500.0,2800.0,"2025-02-25 13:00:00"
8034,4143.44,3314.75,"2025-02-25 14:00:00"
8035,3829.12,3063.3,"2025-02-25 15:00:00"
8036,3322.78,2658.22,"2025-02-25 16:00:00"
8037,2649.83,2119.86,"2025-02-25 17:00:00"
8038,1844.01,1475.21,"2025-02-25 18:00:00"
8039,1112.6,890.08,"2025-02-25 19:00:00"
8040,0.0,0.0,"2025-02-25 20:00:00"
8041,0.0,0.0,"2025-02-25 21:00:00"
8042,0.0,0.0,"2025-02-25 22:00:00"
8043,0.0,0.0,"2025-02-25 23:00:00"
8044,0.0,0.0,"2025-02-26 00:00:00"
8045,0.0,0.0,"2025-02-26 01:00:00"
8046,0.0,0.0,"2025-02-26 02:00:00"
8047,0.0,0.0,"2025-02-26 03:00:00"
8048,0.0,0.0,"2025-02-26 04:00:00"
8049,0.0,0.0,"2025-02-26 05:00:00"
8050,0.0,0.0,"2025-02-26 06:00:00"
8051,1112.6,890.08,"2025-02-26 07:00:00"
8052,1844.01,1475.21,"2025-02-26 08:00:00"
8053,2182.21,1745.77,"2025-02-26 09:00:00"
8054,1710.26,1368.21,"2025-02-26 10:00:00"
8055,1970.87,1576.7,"2025-02-26 11:00:00"
8056,2132.65,1706.12,"2025-02-26 12:00:00"
8057,2187.5,1750.0,"2025-02-26 13:00:00"
8058,2132.65,1706.12,"2025-02-26 14:00:00"
8059,3153.39,2522.71,"2025-02-26 15:00:00"
8060,3322.78,2658.22,"2025-02-26 16:00:00"
8061,2649.83,2119.86,"2025-02-26 17:00:00"
8062,949.12,759.3,"2025-02-26 18:00:00"
8063,369.94,295.95,"2025-02-26 19:00:00"
8064,0.0,0.0,"2025-02-26 20:00:00"
8065,0.0,0.0,"2025-02-26 21:00:00"
8066,0.0,0.0,"2025-02-26 22:00:00"
8067,0.0,0.0,"2025-02-26 23:00:00"
8068,0.0,0.0,"2025-02-27 00:00:00"
8069,0.0,0.0,"2025-02-27 01:00:00"
8070,0.0,0.0,"2025-02-27 02:00:00"
8071,0.0,0.0,"2025-02-27 03:00:00"
8072,0.0,0.0,"2025-02-27 04:00:00"
8073,0.0,0.0,"2025-02-27 05:00:00"
8074,0.0,0.0,"2025-02-27 06:00:00"
8075,486.76,389.41,"2025-02-27 07:00:00"
8076,1518.59,1214.87,"2025-02-27 08:00:00"
8077,1363.88,1091.1,"2025-02-27 09:00:00"
8078,1710.26,1368.21,"2025-02-27 10:00:00"
8079,1970.87,1576.7,"2025-02-27 11:00:00"
8080,3412.25,2729.8,"2025-02-27 12:00:00"
8081,2187.5,1750.0,"2025-02-27 13:00:00"
8082,2132.65,1706.12,"2025-02-27 14:00:00"
